"","connectedness_level","tot_tags","tot_comments","tot_reactions","totcommon_sharedInterests","sharedBeliefs-religion","sharedBeliefs-causes_you_care_about","sharedBeliefs-cultural_background","sharedBeliefs-politics","sharedActivities-activism","sharedActivities-business","sharedActivities-event_attendance","sharedActivities-going_out","sharedActivities-sports_outdoor","sharedActivities-work_study","sameInstitution-coworker","sameInstitution-same_other_institution","sameInstitution-same_school","sameInstitution-same_university","commonPlace-live_same_city","commonPlace-live_together","commonPlace-same_hometown","is_male","friend_same_gender"
"1526",2,2,2,3,0,0,0,0,0,0,0,0,0,0,0,0,0,0,0,0,0,0,FALSE,TRUE
"1527",1,0,0,1,0,0,0,0,0,0,0,0,0,0,0,1,0,0,0,0,0,0,FALSE,TRUE
"1528",2,0,0,2,0,0,0,0,0,0,0,0,0,0,0,0,0,0,0,0,0,0,FALSE,TRUE
"1529",1,0,5,0,0,0,0,0,0,0,0,0,0,0,0,0,0,0,0,0,0,0,FALSE,FALSE
"1530",1,0,0,1,0,0,0,0,0,0,0,0,0,0,0,0,0,0,0,0,0,0,FALSE,FALSE
"1531",3,0,0,2,5,0,0,0,0,0,0,1,0,0,0,0,0,0,1,0,0,0,FALSE,TRUE
"1532",2,0,1,41,0,1,0,1,1,0,0,0,0,0,0,0,0,0,0,0,0,0,FALSE,TRUE
"1533",7,18,4,31,9,1,1,1,1,0,0,1,1,1,1,1,0,0,1,1,1,1,FALSE,TRUE
"1534",3,0,0,5,2,0,0,1,0,0,0,1,1,0,0,0,0,1,0,1,0,1,FALSE,FALSE
"1535",2,0,2,63,3,0,0,1,0,0,0,0,0,1,0,1,0,0,0,0,0,1,FALSE,TRUE
"1536",2,0,3,17,5,1,0,1,0,0,0,1,1,0,0,1,0,0,0,1,0,0,FALSE,TRUE
"1537",4,0,1,106,1,1,1,1,1,0,0,0,0,1,0,0,0,0,0,0,0,0,FALSE,FALSE
"1538",7,2,1,14,7,1,1,1,1,1,0,0,1,1,0,0,0,1,0,1,1,1,FALSE,TRUE
"1539",1,0,0,1,2,1,0,1,0,0,0,0,0,0,0,0,0,0,0,0,0,0,FALSE,FALSE
"1540",3,1,0,0,0,0,0,0,0,0,0,1,0,0,0,0,0,0,1,0,0,0,FALSE,TRUE
"1541",3,0,0,1,1,0,0,0,0,0,0,0,0,0,0,0,0,1,0,0,0,0,FALSE,FALSE
"1542",2,0,0,1,0,0,0,0,0,0,0,0,0,0,0,0,0,0,0,0,0,0,FALSE,FALSE
"1543",3,0,0,1,1,0,0,0,0,0,0,0,0,0,0,0,0,0,0,0,0,0,FALSE,FALSE
"1544",3,0,0,2,2,0,0,0,0,0,0,0,0,1,0,0,0,1,0,0,0,0,FALSE,TRUE
"1545",1,0,0,1,0,0,0,0,0,0,0,0,0,0,0,0,0,0,0,0,0,0,FALSE,TRUE
"1546",2,0,0,1,1,0,0,0,0,0,0,0,0,0,0,0,0,0,1,0,0,0,FALSE,FALSE
"1547",1,0,0,1,0,0,0,0,0,0,0,0,0,0,0,0,0,0,0,0,0,0,FALSE,FALSE
"1548",2,0,0,1,1,0,0,0,0,0,0,0,0,0,0,0,0,0,0,0,0,0,FALSE,TRUE
"1549",1,0,0,1,0,0,0,0,0,0,0,0,0,0,0,0,1,0,0,0,0,0,FALSE,TRUE
"1550",1,0,0,1,0,0,0,0,0,0,0,0,0,0,0,0,0,1,0,0,0,0,FALSE,TRUE
"1551",3,6,10,152,3,1,0,1,1,0,0,0,1,0,0,0,0,0,0,0,0,0,FALSE,TRUE
"1552",2,0,0,11,1,0,0,0,0,0,0,0,0,0,0,0,0,0,1,1,0,0,FALSE,TRUE
"1553",2,0,24,163,0,1,0,1,0,0,0,0,0,0,0,0,0,0,0,0,0,0,FALSE,TRUE
"1554",3,0,1,6,0,1,0,1,0,0,0,0,0,0,0,0,0,0,0,0,0,0,FALSE,FALSE
"1555",1,0,26,80,1,1,0,1,0,0,0,0,0,0,0,0,0,1,0,1,0,1,FALSE,TRUE
"1556",2,1,8,79,1,1,0,1,0,0,0,0,0,0,0,0,0,1,0,1,0,1,FALSE,TRUE
"1557",1,0,0,1,0,0,0,0,0,0,0,0,0,0,0,0,0,0,0,0,0,0,FALSE,FALSE
"1558",5,0,9,44,2,1,0,1,0,0,0,0,0,0,0,0,0,0,0,0,0,0,FALSE,TRUE
"1559",2,0,10,12,1,0,1,1,0,0,0,0,0,0,0,0,0,0,0,0,0,0,FALSE,TRUE
"1560",2,2,2,62,0,0,0,1,0,0,0,0,0,1,0,0,0,0,0,0,0,0,FALSE,FALSE
"1561",4,0,0,1,2,0,0,1,0,0,1,0,0,0,1,0,0,0,0,0,0,0,FALSE,FALSE
"1562",5,0,6,16,0,0,0,1,0,0,0,0,0,0,0,0,0,0,0,0,0,0,FALSE,TRUE
"1563",5,0,12,33,0,0,0,1,0,0,0,0,0,0,0,0,0,0,0,1,0,0,FALSE,TRUE
"1564",1,0,0,3,0,0,0,0,0,0,0,0,0,0,0,0,0,0,0,0,0,0,FALSE,TRUE
"1565",5,0,0,8,3,0,1,1,0,0,0,0,0,0,1,1,0,0,0,0,0,0,FALSE,TRUE
"1566",1,0,0,13,0,0,0,0,0,0,0,0,0,0,0,0,0,0,0,0,0,0,FALSE,TRUE
"1567",1,0,0,1,0,0,0,0,0,0,0,0,0,0,0,0,0,0,0,0,0,0,FALSE,FALSE
"1568",5,0,2,62,3,0,0,1,0,0,0,1,1,0,0,0,0,0,1,1,0,1,FALSE,TRUE
"1569",5,0,2,13,3,0,0,1,0,0,0,0,1,0,0,0,0,0,0,0,0,0,FALSE,TRUE
"1570",1,0,0,25,0,0,0,0,0,0,0,0,0,0,0,0,0,1,0,0,0,0,FALSE,TRUE
"1571",1,0,1,38,0,0,0,0,0,0,0,0,0,0,0,0,0,1,0,0,0,0,FALSE,FALSE
"1572",1,0,0,1,0,0,0,0,0,0,0,0,0,0,0,0,0,1,0,0,0,0,FALSE,TRUE
"1573",2,3,0,41,2,0,0,0,0,0,0,0,0,0,0,0,0,0,0,0,0,0,FALSE,FALSE
"1574",1,0,0,18,0,0,0,0,0,0,0,0,0,0,0,0,0,1,0,0,0,0,FALSE,TRUE
"1575",2,0,1,23,2,0,0,0,0,0,0,0,0,0,0,0,0,0,0,0,0,0,FALSE,TRUE
"1576",1,0,0,4,0,0,0,0,0,0,0,0,0,0,0,0,0,1,0,0,0,0,FALSE,TRUE
"1577",1,0,0,1,0,0,0,0,0,0,0,0,0,0,0,0,0,0,0,0,0,0,FALSE,FALSE
"1578",1,0,0,2,0,0,0,0,0,0,0,0,0,0,0,0,0,1,0,0,0,0,FALSE,FALSE
"1579",1,0,0,1,0,0,0,0,0,0,0,0,0,0,0,0,0,0,0,0,0,0,FALSE,TRUE
"1580",1,0,1,43,0,1,0,1,0,0,0,0,0,0,0,0,0,1,0,0,0,0,FALSE,TRUE
"1581",4,1,4,19,2,1,0,1,0,0,0,0,1,0,0,0,0,0,0,0,0,0,FALSE,TRUE
"1582",2,0,0,5,2,1,0,1,0,0,0,0,0,0,0,0,0,0,0,0,0,0,FALSE,FALSE
"1583",2,0,2,29,1,1,0,1,0,0,0,0,0,0,0,0,0,0,0,1,0,0,FALSE,TRUE
"1584",1,0,0,2,0,0,0,0,0,0,0,0,0,0,0,0,0,0,0,0,0,0,FALSE,TRUE
"1585",2,0,0,1,1,1,0,1,0,0,0,0,1,0,0,0,0,0,0,0,0,0,FALSE,FALSE
"1586",1,0,5,28,0,0,0,0,0,0,0,0,0,0,0,0,0,1,0,1,0,1,FALSE,FALSE
"1587",1,0,0,4,3,0,0,1,0,0,0,0,0,0,0,0,0,0,0,0,0,1,FALSE,FALSE
"1588",1,0,5,26,1,1,0,1,0,0,0,0,0,0,1,0,0,0,0,1,0,0,FALSE,TRUE
"1589",1,0,0,7,1,1,0,1,0,0,0,0,0,0,0,0,0,0,0,0,0,0,FALSE,TRUE
"1590",1,0,0,1,0,0,0,0,0,0,0,0,0,0,0,0,0,0,0,0,0,0,FALSE,TRUE
"1591",2,0,0,13,0,0,0,0,0,0,1,1,0,0,0,1,0,0,0,0,0,0,FALSE,TRUE
"1592",2,0,0,18,0,0,0,1,0,0,0,0,0,0,0,0,0,0,0,0,0,0,FALSE,TRUE
"1593",2,0,1,10,0,0,0,1,0,0,0,0,0,0,0,0,0,1,0,1,0,1,FALSE,FALSE
"1594",2,1,4,18,2,0,0,0,0,0,0,1,0,0,0,0,0,0,0,1,0,0,FALSE,TRUE
"1595",3,0,0,13,0,0,0,1,0,0,0,0,0,0,0,0,0,0,0,0,0,0,FALSE,TRUE
"1596",3,0,0,4,0,0,1,0,0,0,1,0,0,0,0,0,1,0,0,1,0,0,FALSE,FALSE
"1597",2,0,0,17,0,0,0,1,0,0,0,0,0,0,0,0,0,0,0,0,0,0,FALSE,TRUE
"1598",1,0,0,28,0,0,0,0,0,0,0,0,0,0,0,0,0,1,0,1,0,0,FALSE,TRUE
"1599",3,0,2,13,2,0,0,1,0,0,0,0,0,0,0,0,0,0,0,0,0,0,FALSE,TRUE
"1600",2,0,0,13,1,0,0,1,0,0,0,0,1,0,0,0,0,0,0,0,0,0,FALSE,TRUE
"1601",4,0,8,26,0,0,1,1,0,0,0,0,0,0,0,0,0,0,0,0,0,0,FALSE,TRUE
"1602",2,0,0,17,1,0,0,0,0,0,0,0,0,0,0,0,0,0,0,0,0,0,FALSE,TRUE
"1603",1,0,0,19,0,0,0,0,0,0,0,0,0,0,1,0,0,0,0,0,0,0,FALSE,TRUE
"1604",1,0,0,69,1,0,0,0,0,0,0,0,0,0,0,0,0,0,0,0,0,0,FALSE,TRUE
"1605",1,0,0,3,1,0,0,0,0,0,0,0,0,0,0,0,0,0,0,0,0,0,FALSE,TRUE
"1606",4,0,5,54,0,0,0,0,0,0,0,0,0,0,1,0,0,0,0,0,0,0,FALSE,TRUE
"1607",2,0,0,20,0,0,0,1,0,0,0,0,0,0,0,0,0,0,0,0,0,0,FALSE,FALSE
"1608",2,0,3,52,0,0,0,0,0,0,0,1,0,0,0,0,0,0,0,0,0,0,FALSE,TRUE
"1609",2,0,1,10,0,0,0,0,0,0,0,0,0,1,0,0,0,0,0,0,0,0,FALSE,TRUE
"1610",3,0,1,15,0,0,0,1,0,0,0,0,0,0,0,0,0,0,0,0,0,0,FALSE,FALSE
"1611",2,0,0,21,2,0,1,0,1,1,0,0,0,0,1,0,1,0,0,0,0,0,FALSE,TRUE
"1612",2,0,30,37,1,0,1,1,0,0,0,0,0,0,0,0,0,0,0,1,0,0,FALSE,FALSE
"1613",4,9,109,130,7,0,1,1,0,1,0,0,0,1,0,0,0,0,0,1,1,0,FALSE,TRUE
"1614",2,0,2,29,0,0,1,1,0,0,0,0,0,0,0,0,0,0,0,0,0,0,FALSE,TRUE
"1615",1,0,5,12,0,0,0,0,0,0,0,0,0,0,0,0,0,1,0,0,0,0,FALSE,FALSE
"1616",1,1,14,93,0,0,0,0,0,0,0,0,0,0,0,0,0,1,0,0,0,0,FALSE,FALSE
"1617",1,0,0,38,0,0,0,0,0,0,0,0,0,0,0,0,0,1,0,0,0,0,FALSE,TRUE
"1618",1,0,6,42,2,0,1,1,0,0,0,0,0,0,0,0,0,1,0,1,0,0,FALSE,TRUE
"1619",1,0,0,1,0,0,0,0,0,0,0,0,0,0,0,0,0,0,0,0,0,0,FALSE,FALSE
"1620",1,0,0,52,0,0,0,0,0,0,0,0,0,0,0,0,0,0,1,0,0,0,FALSE,TRUE
"1621",4,3,16,92,2,1,0,1,0,0,0,0,0,0,0,0,0,1,0,0,1,0,FALSE,FALSE
"1622",3,0,6,13,2,1,0,1,0,0,0,0,0,0,0,0,0,1,0,1,0,0,FALSE,TRUE
"1623",3,1,5,42,2,1,0,1,0,0,0,0,0,0,0,0,0,1,0,0,0,1,FALSE,TRUE
"1624",7,5,104,80,3,0,0,1,1,0,1,0,0,0,0,0,0,0,0,0,1,0,FALSE,FALSE
"1625",3,0,5,99,2,1,0,1,0,0,0,0,0,0,0,0,0,1,0,0,0,1,FALSE,TRUE
"1626",3,0,1,6,2,1,0,1,0,0,0,0,0,0,0,0,0,1,0,0,0,1,FALSE,TRUE
"1627",4,2,4,73,1,1,0,1,0,0,0,0,0,0,0,0,0,1,0,0,1,0,FALSE,TRUE
"1628",3,0,11,200,2,1,0,1,0,0,0,0,0,0,0,0,0,0,0,1,0,0,FALSE,TRUE
"1629",2,0,0,1,2,1,0,1,0,0,0,0,0,0,1,0,0,0,0,0,0,0,FALSE,TRUE
"1630",3,0,10,100,1,1,0,1,0,0,0,0,0,0,0,0,0,0,0,0,0,0,FALSE,TRUE
"1631",3,0,14,35,1,1,0,1,0,0,0,0,0,0,0,0,0,0,0,0,0,0,FALSE,TRUE
"1632",1,0,0,9,0,0,0,0,0,0,0,0,0,0,0,0,0,0,0,0,0,0,FALSE,TRUE
"1633",1,0,0,11,0,0,0,0,0,0,0,0,0,0,0,0,0,0,0,0,0,0,FALSE,TRUE
"1634",1,0,14,27,0,0,0,0,0,0,0,0,0,0,0,0,0,0,0,0,0,0,FALSE,FALSE
"1635",3,0,3,4,1,1,0,1,0,0,0,0,0,0,0,0,0,0,0,0,0,0,FALSE,TRUE
"1636",1,0,0,1,0,0,0,0,0,0,0,0,0,0,0,0,0,0,0,0,0,0,FALSE,FALSE
"1637",1,0,2,6,0,0,0,0,0,0,0,0,0,0,0,0,0,0,0,0,0,0,FALSE,TRUE
"1638",3,0,1,8,1,1,0,1,0,0,0,0,0,0,0,0,0,0,0,0,0,0,FALSE,TRUE
"1639",3,0,0,38,1,1,0,1,0,0,0,0,0,0,0,0,0,0,0,0,0,0,FALSE,TRUE
"1640",1,0,0,1,0,0,0,0,0,0,0,0,0,0,0,0,0,0,0,0,0,0,FALSE,FALSE
"1641",3,0,0,1,2,0,0,0,0,0,0,0,0,0,1,0,0,0,0,0,0,0,FALSE,FALSE
"1642",7,0,1,2,2,0,0,1,0,0,0,0,0,0,1,0,0,0,0,1,1,1,FALSE,TRUE
"1643",2,0,0,2,0,0,0,0,0,0,0,0,0,0,1,0,0,1,0,1,0,0,FALSE,TRUE
"1644",5,0,0,1,2,0,1,0,0,0,0,0,0,0,1,0,0,1,0,1,0,1,FALSE,FALSE
"1645",7,0,1,1,1,0,0,1,0,0,0,0,0,0,1,0,1,1,0,1,1,1,FALSE,TRUE
"1646",3,0,0,1,1,0,1,0,0,0,0,0,0,0,0,0,0,1,0,1,0,0,FALSE,FALSE
"1647",3,0,0,1,1,0,0,0,0,0,0,0,0,0,1,0,0,1,0,1,0,1,FALSE,FALSE
"1648",2,0,0,2,4,0,1,0,0,0,0,0,0,0,1,0,0,1,0,1,0,1,FALSE,TRUE
"1649",3,0,0,2,1,0,1,0,0,0,0,0,0,0,1,0,0,1,0,1,0,1,FALSE,TRUE
"1650",2,0,1,4,0,0,0,0,0,0,0,0,0,0,1,0,0,1,1,1,0,1,FALSE,TRUE
"1651",7,56,1,11,5,1,0,1,1,0,0,1,1,1,0,0,0,0,0,0,1,0,FALSE,FALSE
"1652",2,2,18,250,2,0,1,1,0,0,0,0,1,0,0,0,0,1,0,0,0,1,FALSE,TRUE
"1653",2,0,0,1,0,0,0,1,0,0,0,0,0,0,0,0,0,0,0,0,0,1,FALSE,FALSE
"1654",3,3,10,14,2,0,0,1,0,0,0,0,1,0,0,0,0,0,0,1,0,1,FALSE,TRUE
"1655",6,7,6,1,2,0,1,1,0,0,0,0,1,0,0,0,0,0,0,1,1,0,FALSE,FALSE
"1656",2,0,6,22,0,0,0,1,0,0,0,1,0,0,0,0,0,0,0,0,0,1,FALSE,TRUE
"1657",2,0,0,6,2,0,0,1,0,0,0,1,0,0,1,0,0,0,0,0,0,1,FALSE,TRUE
"1658",2,0,6,17,0,0,0,1,0,0,0,0,0,0,0,0,0,0,0,0,0,1,FALSE,TRUE
"1659",2,0,4,11,0,0,0,1,0,0,0,0,0,0,0,0,0,0,0,0,0,1,FALSE,TRUE
"1660",2,1,2,0,2,0,0,1,0,0,0,0,1,0,0,0,0,0,0,0,0,1,FALSE,TRUE
"1661",2,0,2,0,1,0,0,1,0,0,0,0,0,0,0,0,0,0,0,0,0,0,TRUE,TRUE
"1662",4,0,3,2,1,0,0,1,0,1,0,0,0,1,0,0,0,0,0,0,0,0,TRUE,FALSE
"1663",2,0,0,1,1,0,0,1,0,0,0,0,1,0,0,0,0,0,0,0,0,0,TRUE,FALSE
"1664",1,0,1,4,0,0,0,0,0,0,0,0,0,0,0,0,0,0,0,0,0,0,TRUE,FALSE
"1665",1,0,0,1,0,0,0,0,0,0,0,0,0,0,0,0,0,0,0,0,0,0,TRUE,FALSE
"1666",1,0,0,2,0,0,0,0,0,0,0,0,0,0,0,0,0,0,0,0,0,0,TRUE,FALSE
"1667",1,0,0,1,0,0,0,0,0,0,0,0,0,0,0,0,0,0,0,0,0,0,TRUE,FALSE
"1668",1,0,0,1,0,0,0,0,0,0,0,0,0,0,0,0,0,0,0,0,0,0,TRUE,FALSE
"1669",1,0,0,3,0,0,0,0,0,0,0,0,0,0,0,0,0,0,0,0,0,0,TRUE,FALSE
"1670",1,0,3,0,0,0,0,1,0,0,0,0,0,0,0,0,0,0,0,1,0,0,TRUE,TRUE
"1671",3,1,0,0,1,0,0,1,0,0,0,0,0,0,0,0,0,0,0,0,0,0,FALSE,TRUE
"1672",3,10,0,0,3,1,0,1,0,0,0,1,0,0,0,1,0,0,1,0,0,0,FALSE,TRUE
"1673",7,4,0,0,3,1,0,1,0,0,0,0,0,0,0,0,0,0,0,0,0,0,FALSE,TRUE
"1674",2,1,0,0,4,1,0,1,0,0,0,1,1,0,0,0,0,0,0,0,0,0,FALSE,TRUE
"1675",7,2,0,0,7,1,0,1,1,0,0,1,1,0,0,0,0,0,1,0,1,1,FALSE,TRUE
"1676",7,9,0,0,6,1,0,1,0,0,0,0,1,1,0,0,1,0,0,0,0,0,FALSE,FALSE
"1677",7,4,0,0,6,1,0,1,0,0,0,1,1,0,0,0,0,1,1,0,1,0,FALSE,TRUE
"1678",6,2,0,0,2,1,0,1,0,1,0,1,1,0,0,0,1,0,0,1,0,0,FALSE,TRUE
"1679",5,7,0,0,5,0,0,1,0,0,0,0,1,0,0,0,0,1,1,0,0,0,FALSE,TRUE
"1680",2,1,0,0,3,1,0,1,0,0,0,0,0,0,0,0,0,0,0,0,0,0,FALSE,TRUE
"1681",2,0,14,17,1,0,0,0,0,0,0,0,0,1,0,0,0,0,0,1,0,0,FALSE,TRUE
"1682",2,0,3,19,0,0,1,1,1,1,1,0,0,1,1,0,1,0,0,0,0,0,FALSE,TRUE
"1683",1,0,21,69,0,0,0,0,0,0,0,0,0,0,0,0,0,0,0,0,0,0,FALSE,TRUE
"1684",1,0,1,54,0,0,0,0,0,0,0,0,0,0,0,0,0,0,0,0,0,0,FALSE,TRUE
"1685",2,0,3,37,1,0,0,0,0,0,0,0,0,1,0,0,1,0,0,0,0,1,FALSE,FALSE
"1686",1,0,1,62,0,0,0,0,0,0,0,0,0,0,0,0,0,1,0,1,0,0,FALSE,TRUE
"1687",1,0,3,4,0,0,0,0,0,0,0,0,0,0,0,0,0,0,0,0,0,0,FALSE,TRUE
"1688",1,0,0,2,0,0,0,0,0,0,0,0,0,0,0,0,0,0,0,0,0,0,FALSE,TRUE
"1689",1,0,5,31,0,0,0,0,0,1,0,0,0,0,0,0,0,0,0,0,0,0,FALSE,TRUE
"1690",1,0,13,55,0,0,1,0,1,0,0,0,0,0,0,0,0,0,0,1,0,0,FALSE,TRUE
"1691",2,1,2,16,0,1,0,0,0,0,0,0,0,0,0,0,0,0,0,1,0,1,FALSE,FALSE
"1692",6,0,3,9,0,0,0,0,0,0,0,0,0,0,0,0,0,1,0,1,0,0,FALSE,FALSE
"1693",1,0,0,4,0,0,0,0,0,0,0,0,0,0,0,0,0,0,0,0,0,0,FALSE,FALSE
"1694",2,0,1,84,0,1,0,0,0,0,0,0,0,0,0,0,0,0,0,0,0,1,FALSE,FALSE
"1695",1,0,0,3,0,0,0,0,0,0,0,0,0,0,0,0,0,0,0,0,0,1,FALSE,TRUE
"1696",1,0,3,39,0,0,0,0,0,0,0,0,0,0,0,0,0,0,0,0,0,0,FALSE,FALSE
"1697",1,0,0,1,0,0,0,0,0,0,0,0,0,0,0,0,0,1,0,1,0,0,FALSE,TRUE
"1698",1,0,0,5,0,0,0,0,0,0,0,0,0,0,0,0,0,1,0,1,0,0,FALSE,FALSE
"1699",1,0,0,12,0,0,0,0,0,0,0,0,0,0,0,0,0,1,0,1,0,0,FALSE,TRUE
"1700",1,0,0,60,0,0,0,0,0,0,0,0,0,0,0,0,0,0,0,1,0,0,FALSE,FALSE
"1701",2,0,0,10,1,0,0,0,1,0,0,0,0,1,0,0,0,0,0,1,0,0,FALSE,TRUE
"1702",3,0,0,4,2,0,0,0,1,0,0,0,0,0,1,0,0,0,0,1,0,0,FALSE,TRUE
"1703",2,0,0,8,0,0,0,1,0,0,0,0,0,0,0,0,0,0,0,1,0,0,FALSE,TRUE
"1704",2,0,0,8,0,0,0,0,0,0,0,0,0,0,1,0,0,1,0,1,0,0,FALSE,TRUE
"1705",4,1,8,7,1,0,0,0,0,0,0,0,0,0,1,0,0,0,1,1,0,0,FALSE,TRUE
"1706",2,0,1,7,0,0,0,0,0,0,0,0,0,0,0,0,0,0,0,0,0,0,FALSE,TRUE
"1707",3,31,45,49,5,0,0,0,0,0,0,0,0,0,1,0,0,0,1,1,1,0,FALSE,TRUE
"1708",6,6,5,34,9,0,1,0,0,0,0,0,1,0,0,0,0,0,0,1,0,1,FALSE,TRUE
"1709",2,0,0,3,0,0,0,0,0,0,0,0,0,0,1,0,0,1,0,1,0,0,FALSE,TRUE
"1710",2,0,0,3,0,0,0,0,1,0,0,0,0,0,1,0,0,0,0,1,0,0,FALSE,TRUE
"1711",3,0,0,4,2,0,0,1,0,0,0,0,0,0,0,0,0,1,0,1,0,0,FALSE,TRUE
"1712",4,0,0,3,2,1,0,1,0,0,0,0,0,0,0,0,0,0,0,0,1,1,FALSE,TRUE
"1713",3,1,0,11,4,0,0,1,0,0,0,0,0,0,1,0,0,0,0,1,0,0,FALSE,TRUE
"1714",5,9,5,6,3,0,0,0,0,0,0,0,0,0,1,0,1,1,0,1,0,0,FALSE,TRUE
"1715",5,1,0,0,3,0,0,1,0,0,0,0,0,0,1,0,1,1,0,1,0,0,FALSE,TRUE
"1716",2,2,0,5,3,0,0,0,0,0,0,0,0,0,0,0,1,1,0,1,0,0,FALSE,TRUE
"1717",7,3,4,16,9,0,1,0,1,1,0,0,0,0,1,0,1,1,0,1,0,0,FALSE,TRUE
"1718",1,0,1,10,4,1,1,1,0,0,0,1,0,0,0,0,1,1,0,1,0,0,FALSE,TRUE
"1719",7,1,3,0,7,1,1,1,1,1,0,0,1,0,0,0,1,0,0,0,0,0,FALSE,TRUE
"1720",3,1,0,2,2,0,1,1,0,1,0,0,0,0,0,0,0,0,0,1,0,0,FALSE,TRUE
"1721",4,0,2,2,4,1,0,1,1,0,0,1,0,1,0,0,0,0,0,1,0,1,TRUE,FALSE
"1722",6,0,19,23,6,1,1,1,1,0,1,1,0,1,0,0,0,1,1,1,0,1,TRUE,TRUE
"1723",4,0,0,16,2,1,0,1,0,0,0,1,0,0,0,0,0,0,0,0,0,0,TRUE,FALSE
"1724",2,0,1,0,5,1,0,1,1,0,0,1,0,0,1,0,0,0,0,1,0,0,TRUE,FALSE
"1725",2,0,2,7,1,0,0,0,0,0,0,0,0,1,0,0,0,0,0,1,0,1,TRUE,TRUE
"1726",7,0,1,4,3,1,0,0,0,0,0,0,0,0,0,0,0,0,0,1,1,0,TRUE,FALSE
"1727",4,0,0,9,2,1,0,1,0,0,0,0,0,1,0,0,0,0,0,1,0,0,TRUE,FALSE
"1728",1,0,3,0,0,0,0,0,0,0,0,0,0,0,0,0,0,0,0,1,0,0,TRUE,FALSE
"1729",1,0,4,3,0,0,0,0,0,0,0,0,0,0,0,0,0,0,0,1,0,1,TRUE,FALSE
"1730",1,0,1,12,3,1,0,1,0,0,0,0,0,1,0,0,0,1,0,1,0,0,TRUE,TRUE
"1731",3,1,1,4,3,0,1,0,1,0,0,1,0,0,0,0,0,1,0,1,0,1,FALSE,TRUE
"1732",2,0,0,2,5,1,0,1,0,0,0,1,1,0,0,0,0,0,0,0,0,0,FALSE,TRUE
"1733",3,0,1,13,4,0,0,0,0,0,0,0,1,0,0,0,1,1,0,1,0,1,FALSE,TRUE
"1734",7,0,2,6,5,1,1,1,1,0,0,1,1,0,1,0,0,1,1,1,1,1,FALSE,TRUE
"1735",1,1,3,0,1,0,0,0,0,0,0,0,0,0,1,0,0,1,0,1,0,1,FALSE,TRUE
"1736",1,2,0,0,2,0,0,0,0,0,0,1,0,0,1,0,0,1,0,1,0,1,FALSE,TRUE
"1737",1,0,0,1,3,0,0,0,0,0,0,0,1,0,1,0,0,1,0,1,0,1,FALSE,TRUE
"1738",1,0,1,0,3,0,0,0,0,0,0,0,0,0,1,0,1,1,0,1,0,1,FALSE,FALSE
"1739",1,2,2,0,0,0,0,0,0,0,0,0,0,0,1,0,0,1,1,1,0,1,FALSE,FALSE
"1740",2,1,10,8,5,0,1,0,1,0,0,0,0,0,1,0,0,1,0,1,0,1,FALSE,TRUE
"1741",2,0,2,2,1,1,0,0,1,0,0,0,0,0,0,0,0,0,0,1,0,1,TRUE,FALSE
"1742",1,0,6,2,0,0,0,0,0,0,0,0,0,0,0,0,0,0,0,0,0,0,TRUE,FALSE
"1743",1,0,0,1,1,0,0,1,0,0,0,0,0,1,0,0,0,1,0,1,0,0,TRUE,TRUE
"1744",5,0,0,3,5,0,0,1,0,0,0,1,1,1,1,1,0,0,1,1,1,1,TRUE,TRUE
"1745",1,0,4,0,0,0,0,0,0,0,0,0,0,0,0,0,0,0,0,0,0,0,TRUE,FALSE
"1746",1,0,0,1,1,0,0,1,0,0,0,0,0,1,0,0,0,0,0,1,0,0,TRUE,FALSE
"1747",1,0,2,0,0,0,0,0,0,0,0,0,0,0,0,0,0,0,0,0,0,0,TRUE,FALSE
"1748",1,0,6,4,1,1,0,1,0,0,0,0,0,1,0,0,0,1,0,1,0,0,TRUE,FALSE
"1749",3,0,15,3,2,1,0,1,0,0,0,1,0,0,0,0,0,1,0,0,0,1,TRUE,FALSE
"1750",1,0,4,2,0,0,0,0,0,0,0,0,0,0,0,0,0,0,0,0,0,0,TRUE,FALSE
"1751",3,0,0,6,0,0,0,1,0,0,0,1,0,1,1,0,0,0,1,1,0,0,TRUE,TRUE
"1752",2,0,0,3,1,0,0,0,0,0,0,1,0,1,1,0,0,0,1,0,0,0,TRUE,TRUE
"1753",7,0,2,2,6,1,1,1,1,0,0,1,1,1,1,0,0,0,1,1,1,0,TRUE,TRUE
"1754",3,0,0,21,0,0,0,1,0,0,0,1,0,1,0,0,0,0,1,0,0,0,TRUE,TRUE
"1755",2,0,0,6,0,0,0,0,0,0,0,0,0,0,0,0,0,0,1,0,0,0,TRUE,TRUE
"1756",2,0,0,1,0,0,0,1,0,0,0,0,0,1,0,0,0,0,0,0,0,0,TRUE,TRUE
"1757",4,0,1,17,2,0,0,1,0,0,0,1,0,0,0,0,0,1,0,1,0,1,TRUE,FALSE
"1758",3,0,0,1,2,0,0,1,0,0,0,1,0,0,0,0,0,0,1,1,1,0,TRUE,TRUE
"1759",7,0,0,3,3,1,0,1,0,0,0,0,1,1,1,0,0,0,1,1,0,0,TRUE,TRUE
"1760",4,0,1,4,1,0,0,1,0,0,0,0,0,1,0,0,0,0,0,0,0,0,TRUE,TRUE
"1761",2,0,0,13,1,0,0,0,0,0,0,0,1,0,0,1,0,0,0,0,0,0,FALSE,TRUE
"1762",5,0,0,8,1,0,0,0,0,0,0,0,0,0,1,1,0,0,0,0,0,0,FALSE,TRUE
"1763",2,3,13,39,4,0,0,0,0,0,0,0,0,0,0,0,0,0,0,0,0,0,FALSE,TRUE
"1764",3,0,13,25,0,0,0,0,0,0,0,0,0,0,1,0,0,1,0,0,0,0,FALSE,TRUE
"1765",1,0,0,13,2,0,1,1,0,0,0,0,0,0,0,0,0,0,0,0,0,0,FALSE,TRUE
"1766",7,0,1,6,0,0,1,1,0,0,0,0,0,0,0,0,0,0,1,0,0,0,FALSE,TRUE
"1767",2,0,0,6,2,0,0,1,0,0,0,0,0,1,0,0,0,0,0,0,0,0,FALSE,TRUE
"1768",3,3,24,33,0,0,0,1,0,0,0,0,0,0,1,0,0,0,0,0,0,0,FALSE,TRUE
"1769",4,0,1,4,0,0,0,0,0,0,0,0,0,0,1,1,0,0,0,0,0,0,FALSE,TRUE
"1770",4,5,7,14,0,0,1,1,0,0,0,0,0,0,0,0,0,0,0,0,0,0,FALSE,TRUE
"1771",3,0,15,5,4,0,0,0,0,0,0,0,0,0,0,0,0,0,0,0,0,0,TRUE,FALSE
"1772",2,5,9,34,0,0,0,0,0,0,0,0,0,0,0,0,0,0,0,0,0,0,TRUE,FALSE
"1773",2,0,0,3,0,0,0,0,0,0,0,0,0,0,0,0,0,0,0,0,0,0,TRUE,TRUE
"1774",2,0,15,22,2,0,0,1,1,0,0,0,0,1,0,0,0,0,0,0,0,0,TRUE,FALSE
"1775",6,8,27,23,2,0,1,1,0,0,0,0,0,1,1,0,0,0,0,0,0,0,TRUE,TRUE
"1776",4,0,0,1,0,0,0,0,0,0,0,0,0,0,0,0,0,0,0,0,0,0,TRUE,FALSE
"1777",5,5,20,16,6,0,1,1,0,0,0,0,1,0,0,0,0,0,0,0,0,0,TRUE,TRUE
"1778",2,14,18,29,0,0,0,0,0,0,0,0,0,0,0,0,1,0,0,0,0,0,TRUE,FALSE
"1779",7,1,0,0,7,1,0,1,0,1,0,0,1,1,1,0,0,0,0,0,0,0,TRUE,FALSE
"1780",4,0,0,1,0,0,0,0,0,0,0,0,0,0,0,0,0,0,0,0,0,0,TRUE,FALSE
"1781",6,0,2,3,2,0,1,0,0,0,0,1,1,1,1,0,0,1,0,1,0,1,FALSE,TRUE
"1782",2,3,1,6,4,0,0,0,0,0,0,1,1,1,1,0,0,1,0,1,0,0,FALSE,TRUE
"1783",3,0,1,0,3,0,0,1,0,0,0,1,1,0,0,0,0,1,0,1,0,0,FALSE,FALSE
"1784",3,1,3,5,1,0,0,0,0,0,0,1,0,1,0,0,0,1,0,1,0,0,FALSE,FALSE
"1785",4,0,1,0,2,0,1,0,0,0,0,1,1,0,0,0,0,1,0,1,0,1,FALSE,TRUE
"1786",2,0,1,2,1,0,0,0,0,0,0,0,0,0,1,0,0,1,0,1,0,0,FALSE,FALSE
"1787",2,0,0,1,1,0,0,1,0,0,0,1,0,0,1,0,0,1,0,1,0,0,FALSE,FALSE
"1788",4,0,0,1,2,0,0,0,0,0,0,0,1,0,1,0,0,1,0,1,0,1,FALSE,TRUE
"1789",1,1,2,0,0,0,0,0,0,0,0,0,0,0,1,0,0,1,0,1,0,0,FALSE,FALSE
"1790",3,0,7,8,1,0,0,0,0,0,0,1,0,1,0,0,0,1,0,1,0,0,FALSE,FALSE
"1791",4,0,1,20,2,1,0,0,0,0,0,1,0,0,0,0,0,0,0,0,0,0,FALSE,TRUE
"1792",4,0,0,1,4,0,0,0,0,0,0,1,0,0,0,0,0,0,0,0,0,0,FALSE,TRUE
"1793",4,0,2,6,3,0,0,0,0,0,0,1,0,0,0,0,0,0,0,0,0,0,FALSE,TRUE
"1794",1,0,20,5,0,0,0,0,0,0,0,0,0,0,0,0,0,0,0,0,0,0,FALSE,FALSE
"1795",1,2,0,8,0,0,0,0,0,0,0,0,0,0,0,0,0,1,0,0,0,0,FALSE,FALSE
"1796",1,0,0,4,0,0,0,0,0,0,0,0,0,0,0,0,0,1,0,0,0,0,FALSE,FALSE
"1797",1,0,0,1,0,0,0,0,0,0,0,0,0,0,0,0,0,0,0,0,0,0,FALSE,TRUE
"1798",1,0,0,1,0,0,0,0,0,0,0,0,0,0,0,0,0,0,0,0,0,0,FALSE,FALSE
"1799",1,0,4,9,0,0,0,0,0,0,0,0,0,0,0,0,0,1,0,0,0,0,FALSE,FALSE
"1800",1,0,3,4,0,0,0,0,0,0,0,0,0,0,0,0,0,1,0,0,0,0,FALSE,FALSE
"1801",3,2,4,5,0,1,0,1,1,0,0,0,0,0,0,0,0,1,0,0,0,1,TRUE,TRUE
"1802",2,0,0,5,0,0,0,0,1,0,0,0,0,0,0,0,0,1,0,0,0,1,TRUE,FALSE
"1803",4,0,3,5,0,0,0,1,1,0,0,0,0,0,0,0,0,1,0,0,0,1,TRUE,TRUE
"1804",3,0,0,37,0,0,1,1,1,0,0,0,0,1,0,0,1,0,0,1,0,0,TRUE,TRUE
"1805",1,0,3,7,0,1,0,1,1,0,0,0,0,0,0,0,0,1,0,0,0,1,TRUE,TRUE
"1806",1,1,0,0,0,0,0,0,1,0,0,0,0,0,0,0,0,0,0,0,0,1,TRUE,FALSE
"1807",1,0,0,3,0,0,0,1,0,0,0,0,0,0,0,0,0,1,0,0,0,1,TRUE,FALSE
"1808",2,0,0,22,0,0,0,0,1,0,0,0,0,0,1,1,0,0,0,1,0,0,TRUE,TRUE
"1809",2,0,0,7,0,0,0,1,1,0,0,0,0,0,1,0,1,0,0,0,0,1,TRUE,TRUE
"1810",1,0,0,1,0,0,0,1,0,0,0,0,0,0,0,0,0,1,0,0,0,1,TRUE,FALSE
"1811",3,0,9,17,2,0,0,0,1,0,0,0,1,1,0,0,0,0,0,0,0,0,FALSE,TRUE
"1812",2,0,0,2,1,1,0,0,1,0,0,1,0,0,0,0,0,0,0,0,0,1,FALSE,FALSE
"1813",5,0,4,2,1,0,0,0,0,0,0,0,0,0,0,0,0,0,0,0,0,0,FALSE,TRUE
"1814",3,0,14,53,3,0,1,0,0,0,0,0,1,0,0,0,0,0,0,0,0,0,FALSE,TRUE
"1815",5,0,4,7,1,0,0,0,0,0,0,0,0,0,0,0,0,0,0,1,0,0,FALSE,TRUE
"1816",1,0,0,1,0,0,0,0,0,0,0,0,0,0,0,0,0,0,0,0,0,0,FALSE,TRUE
"1817",6,5,49,69,2,0,0,0,0,0,0,0,0,0,0,0,0,0,0,1,0,0,FALSE,TRUE
"1818",1,0,0,2,0,0,0,0,0,0,0,0,0,0,0,0,0,0,0,0,0,0,FALSE,TRUE
"1819",1,0,0,2,0,0,0,0,0,0,0,0,0,0,0,0,0,0,0,0,0,0,FALSE,TRUE
"1820",4,0,8,49,0,0,0,0,0,0,0,0,0,0,0,0,0,0,0,1,0,0,FALSE,TRUE
"1821",3,1,3,27,0,0,1,0,0,0,0,0,0,0,0,0,0,0,0,0,0,0,FALSE,FALSE
"1822",3,2,20,138,1,0,0,0,0,0,0,0,0,0,0,0,0,0,0,0,0,0,FALSE,TRUE
"1823",3,0,3,8,1,0,0,0,0,0,0,0,0,0,0,0,0,0,0,0,0,0,FALSE,FALSE
"1824",4,1,2,47,0,0,0,0,0,0,0,0,0,0,0,0,0,0,0,0,0,0,FALSE,TRUE
"1825",4,2,1,84,0,0,0,0,0,0,0,0,0,0,0,0,0,0,0,0,0,0,FALSE,TRUE
"1826",2,0,2,38,0,0,0,0,0,0,0,0,0,0,1,0,0,0,0,0,0,0,FALSE,TRUE
"1827",4,0,2,50,1,0,0,0,0,0,0,0,0,0,0,0,0,0,0,0,0,0,FALSE,TRUE
"1828",5,0,11,175,0,1,0,0,0,0,0,0,0,0,0,0,0,0,0,0,0,0,FALSE,FALSE
"1829",2,5,9,69,0,0,0,0,0,0,0,0,0,0,0,0,0,0,0,0,0,0,FALSE,TRUE
"1830",3,0,1,5,0,0,0,0,0,0,0,0,0,0,0,0,0,0,0,0,0,0,FALSE,TRUE
"1831",5,3,22,145,8,1,0,1,1,0,0,0,1,1,0,0,0,0,0,1,0,0,TRUE,TRUE
"1832",3,0,1,7,2,0,0,1,0,0,0,0,0,0,0,0,0,0,0,0,0,0,TRUE,FALSE
"1833",3,0,2,8,6,0,0,1,1,0,0,0,0,1,0,0,0,0,0,1,0,1,TRUE,TRUE
"1834",4,2,5,54,2,0,0,1,1,0,0,0,0,0,0,0,0,0,0,1,0,0,TRUE,FALSE
"1835",3,1,12,14,6,1,0,0,0,0,0,0,1,0,0,0,1,0,0,0,0,0,TRUE,TRUE
"1836",5,0,4,40,4,1,0,1,1,0,0,0,1,0,0,0,0,0,0,1,1,1,TRUE,FALSE
"1837",4,1,2,77,5,1,0,1,1,0,0,0,0,1,0,0,0,0,0,1,0,0,TRUE,FALSE
"1838",2,0,1,17,3,0,0,1,0,0,0,0,0,0,0,0,0,1,0,0,0,0,TRUE,TRUE
"1839",3,0,0,21,3,0,0,0,1,0,0,0,0,0,0,0,0,0,0,1,0,1,TRUE,FALSE
"1840",3,0,0,29,1,0,0,1,1,0,0,0,0,0,0,0,0,0,0,0,0,0,TRUE,FALSE
"1841",2,3,30,27,0,0,0,0,0,0,0,0,0,0,0,0,0,1,1,1,0,0,FALSE,TRUE
"1842",7,0,2,2,3,1,0,1,0,0,0,0,1,0,1,1,0,0,1,1,0,0,FALSE,TRUE
"1843",6,1,0,5,2,1,0,1,0,0,0,0,0,0,0,0,0,0,0,1,1,0,FALSE,FALSE
"1844",4,1,4,12,0,0,0,1,0,0,0,0,0,0,0,0,0,0,0,1,0,0,FALSE,TRUE
"1845",1,0,0,3,0,0,0,0,0,0,0,0,0,0,0,1,0,0,0,0,0,0,FALSE,TRUE
"1846",1,0,1,10,0,0,0,0,0,0,0,0,0,0,0,0,0,0,0,0,0,0,FALSE,TRUE
"1847",6,0,1,8,0,1,0,1,0,0,0,0,0,0,0,0,0,0,0,1,1,1,FALSE,TRUE
"1848",1,0,0,2,0,0,0,0,0,0,0,0,0,0,0,0,0,0,0,0,0,0,FALSE,TRUE
"1849",1,0,0,3,0,0,0,0,0,0,0,0,0,0,0,0,0,0,0,0,0,0,FALSE,TRUE
"1850",1,0,1,4,0,0,0,0,0,0,0,0,0,0,0,0,0,0,0,0,0,0,FALSE,FALSE
"1851",3,0,2,4,0,0,0,0,0,0,0,0,0,0,1,0,0,0,0,0,0,0,TRUE,FALSE
"1852",3,0,0,6,0,0,0,0,0,0,0,0,0,0,0,0,0,0,0,0,0,0,TRUE,TRUE
"1853",3,0,0,1,0,0,0,1,0,0,0,0,1,0,0,0,0,0,0,0,0,0,TRUE,TRUE
"1854",3,0,1,2,1,0,0,1,0,0,0,0,0,0,1,0,0,0,0,0,0,0,TRUE,TRUE
"1855",2,0,3,3,2,0,0,0,0,0,0,0,0,0,1,0,0,0,0,0,0,0,TRUE,TRUE
"1856",2,0,1,24,1,0,0,0,0,0,0,0,0,0,1,0,0,0,0,0,0,0,TRUE,TRUE
"1857",7,0,5,3,3,0,1,0,0,0,0,0,0,0,0,0,0,0,0,0,0,0,TRUE,FALSE
"1858",2,0,3,9,1,0,0,1,0,0,0,0,0,0,1,0,0,0,0,0,0,0,TRUE,TRUE
"1859",2,0,0,1,1,0,0,0,0,0,0,0,0,1,1,0,0,0,0,0,0,0,TRUE,TRUE
"1860",2,0,0,12,0,0,0,0,0,0,0,0,0,0,1,0,0,0,0,0,0,0,TRUE,FALSE
"1861",2,0,0,21,1,0,0,1,0,0,0,0,0,0,1,0,0,1,0,0,0,0,FALSE,TRUE
"1862",1,0,0,1,0,0,0,0,0,0,0,0,0,0,1,0,0,1,1,1,0,0,FALSE,FALSE
"1863",1,0,0,7,2,0,0,1,0,0,0,0,0,0,0,0,0,0,0,1,0,0,FALSE,FALSE
"1864",1,0,0,4,0,0,0,0,0,0,0,0,0,0,0,0,0,0,0,0,0,0,FALSE,FALSE
"1865",1,0,0,7,0,0,0,0,0,0,0,0,0,0,0,0,0,0,0,0,0,0,FALSE,TRUE
"1866",1,0,0,18,0,0,0,0,0,0,0,0,0,0,0,0,0,0,0,0,0,0,FALSE,FALSE
"1867",1,0,0,1,0,0,0,0,0,0,0,0,0,0,0,0,0,0,0,0,0,0,FALSE,FALSE
"1868",2,0,0,6,2,0,0,1,0,0,0,0,0,1,1,1,0,0,0,0,0,0,FALSE,FALSE
"1869",2,0,0,10,3,0,0,1,0,0,0,0,0,0,1,0,0,1,0,0,0,0,FALSE,TRUE
"1870",1,0,0,3,0,0,0,0,0,0,0,0,0,0,0,0,0,1,0,0,0,0,FALSE,FALSE
"1871",2,0,3,3,1,0,0,0,0,0,0,0,0,0,0,0,0,0,0,0,0,0,FALSE,TRUE
"1872",7,3,22,138,4,1,0,1,0,0,0,0,1,0,0,0,0,0,0,0,1,0,FALSE,TRUE
"1873",7,0,1,5,6,1,1,1,1,0,1,1,1,1,1,0,0,0,1,0,1,0,FALSE,FALSE
"1874",2,0,0,5,0,1,0,1,0,0,0,0,0,0,0,0,0,0,0,0,0,0,FALSE,FALSE
"1875",2,0,12,9,2,1,1,1,0,0,0,0,1,0,0,0,0,0,0,0,0,0,FALSE,TRUE
"1876",4,0,2,9,4,1,1,1,1,0,0,0,1,0,0,0,0,0,0,0,0,0,FALSE,TRUE
"1877",1,0,0,1,0,0,0,0,0,0,0,0,0,0,0,0,0,0,0,0,0,0,FALSE,TRUE
"1878",1,0,0,3,0,0,0,0,0,0,0,1,0,0,0,0,0,1,0,0,0,0,FALSE,TRUE
"1879",1,0,0,2,1,0,0,0,0,0,0,0,0,0,0,0,0,1,0,0,0,0,FALSE,TRUE
"1880",2,0,0,3,0,0,0,1,0,0,0,0,0,0,0,0,0,0,0,0,0,0,FALSE,TRUE
"1881",3,0,3,3,3,0,0,1,0,0,0,0,0,0,0,0,0,0,0,1,0,0,TRUE,TRUE
"1882",2,1,16,16,4,0,1,0,1,0,0,0,0,0,0,0,0,1,0,1,0,0,TRUE,FALSE
"1883",5,0,13,12,5,0,0,0,0,0,0,0,0,0,0,0,0,1,1,1,0,0,TRUE,TRUE
"1884",3,0,11,24,4,0,0,0,0,0,0,1,0,0,0,0,0,1,0,1,0,0,TRUE,TRUE
"1885",5,4,10,14,5,0,0,1,1,0,0,0,0,0,1,0,0,0,1,0,1,0,TRUE,TRUE
"1886",5,0,54,26,6,0,0,1,1,0,0,1,0,0,1,0,0,1,0,1,0,0,TRUE,TRUE
"1887",3,0,0,1,0,0,0,0,0,0,0,0,0,0,0,0,0,0,0,1,0,0,TRUE,FALSE
"1888",6,2,4,11,8,1,1,0,1,0,0,1,0,0,1,0,0,1,0,1,0,1,TRUE,TRUE
"1889",7,5,7,38,7,0,1,0,1,0,0,0,0,0,1,0,0,1,1,0,1,0,TRUE,FALSE
"1890",1,1,3,9,4,0,0,0,0,0,0,0,0,0,1,0,0,0,1,1,0,0,TRUE,TRUE
"1891",4,0,0,5,4,1,0,0,0,0,0,0,0,0,0,0,0,0,0,0,0,0,FALSE,TRUE
"1892",6,11,4,41,6,1,0,1,0,0,0,0,1,0,0,0,0,1,1,1,1,1,FALSE,TRUE
"1893",1,0,31,17,3,0,0,0,0,0,0,0,0,0,0,0,0,0,1,0,0,0,FALSE,FALSE
"1894",4,0,0,5,0,1,0,0,0,0,0,0,0,0,0,0,0,0,0,0,0,0,FALSE,TRUE
"1895",1,0,0,1,0,0,0,0,0,0,0,0,0,0,0,0,0,0,1,0,0,0,FALSE,FALSE
"1896",1,0,1,19,4,0,0,0,0,0,0,0,0,0,0,0,0,0,0,0,0,0,FALSE,TRUE
"1897",1,0,0,11,0,1,0,0,0,0,0,0,0,0,0,0,0,0,0,0,0,0,FALSE,TRUE
"1898",6,13,1,59,6,1,0,1,0,0,0,0,1,0,0,0,0,1,1,1,1,1,FALSE,TRUE
"1899",4,1,1,11,0,1,0,0,0,0,0,0,0,0,0,0,0,0,0,0,0,0,FALSE,TRUE
"1900",1,0,0,23,2,0,0,0,0,0,0,0,0,0,0,0,0,0,0,0,0,0,FALSE,TRUE
"1901",5,0,3,30,0,0,0,1,0,0,0,0,0,0,0,0,0,0,0,0,0,0,TRUE,FALSE
"1902",2,0,1,6,0,0,0,1,0,0,0,0,0,0,0,0,0,0,0,0,0,0,TRUE,FALSE
"1903",3,1,5,19,0,0,0,0,0,0,0,0,0,1,0,0,0,0,0,0,0,0,TRUE,TRUE
"1904",2,0,4,11,0,0,0,0,0,0,0,0,1,0,0,0,0,1,0,0,0,0,TRUE,TRUE
"1905",5,0,5,12,0,0,0,1,0,0,0,0,0,0,0,0,0,0,0,0,0,0,TRUE,TRUE
"1906",2,0,0,12,0,0,0,1,0,0,0,0,0,0,0,0,0,0,0,0,0,0,TRUE,FALSE
"1907",7,3,11,36,0,1,0,0,1,0,0,0,0,0,0,0,0,1,0,1,1,1,TRUE,FALSE
"1908",3,0,0,2,0,0,0,0,0,0,0,0,0,1,0,0,0,0,0,0,0,0,TRUE,FALSE
"1909",2,0,0,14,0,0,0,0,0,0,0,0,0,0,0,0,0,0,0,0,0,0,TRUE,FALSE
"1910",2,0,0,2,0,0,0,1,0,0,0,0,0,0,0,0,0,0,0,0,0,0,TRUE,TRUE
"1911",2,0,2,12,1,0,0,0,0,0,0,0,0,1,0,0,0,0,1,0,0,0,FALSE,FALSE
"1912",2,3,0,19,2,0,0,1,0,0,0,0,0,1,0,0,0,0,0,0,0,0,FALSE,TRUE
"1913",3,1,3,5,3,0,0,1,0,0,0,0,0,1,0,0,0,1,0,1,0,1,FALSE,TRUE
"1914",2,0,0,7,4,0,0,1,0,0,0,1,0,0,0,0,0,0,0,0,0,0,FALSE,TRUE
"1915",1,0,1,2,0,0,0,0,0,0,0,0,0,0,0,0,0,0,0,0,0,0,FALSE,FALSE
"1916",1,0,0,3,0,0,0,0,0,0,0,0,0,0,0,0,0,1,0,0,0,0,FALSE,TRUE
"1917",1,0,0,6,0,0,0,0,0,0,0,0,0,0,0,0,0,0,0,0,0,0,FALSE,TRUE
"1918",1,0,14,3,0,0,0,0,0,0,0,0,0,0,0,0,0,1,0,0,0,0,FALSE,FALSE
"1919",1,0,0,4,0,0,0,0,0,0,0,0,0,0,0,0,0,1,0,0,0,0,FALSE,TRUE
"1920",1,0,0,2,1,0,0,1,0,0,0,0,0,0,0,0,0,0,0,0,0,0,FALSE,FALSE
"1921",7,4,1,2,5,1,1,1,1,0,1,1,1,1,1,0,0,1,0,1,1,1,FALSE,FALSE
"1922",6,1,4,6,4,0,1,1,0,0,0,0,1,1,1,0,0,1,0,1,0,1,FALSE,TRUE
"1923",5,0,0,2,6,0,1,1,1,0,1,1,1,0,1,0,0,1,0,1,0,0,FALSE,TRUE
"1924",6,0,2,28,2,0,0,1,0,0,1,0,0,0,0,0,0,1,0,1,1,0,FALSE,FALSE
"1925",7,7,5,19,5,1,1,1,1,0,0,0,1,0,1,0,0,1,0,1,0,1,FALSE,TRUE
"1926",6,0,3,3,3,1,1,1,1,0,1,1,0,1,0,0,0,0,0,1,1,0,FALSE,FALSE
"1927",2,0,3,17,1,1,1,1,1,0,0,0,0,0,0,0,0,0,0,0,0,0,FALSE,TRUE
"1928",2,0,0,9,3,0,1,1,0,0,0,0,0,0,1,0,0,0,1,1,0,0,FALSE,TRUE
"1929",2,0,2,2,3,0,1,1,0,0,0,0,1,0,0,0,0,0,0,1,0,0,FALSE,TRUE
"1930",1,0,0,3,1,0,1,1,0,0,0,0,0,0,0,0,0,0,0,0,0,0,FALSE,TRUE
"1931",1,0,0,4,0,0,0,0,0,0,0,0,0,0,0,0,0,0,0,0,0,0,FALSE,TRUE
"1932",1,0,0,10,0,0,0,0,0,0,0,0,0,0,0,0,0,1,0,0,0,1,FALSE,TRUE
"1933",1,0,0,22,0,1,0,0,0,0,0,0,0,0,0,0,0,0,0,1,0,0,FALSE,FALSE
"1934",1,0,0,28,1,0,0,0,0,0,0,0,0,0,0,0,0,0,0,0,0,0,FALSE,TRUE
"1935",1,0,1,8,0,0,0,0,0,0,0,0,0,0,0,0,0,0,0,0,0,0,FALSE,TRUE
"1936",1,0,1,2,0,0,0,0,0,0,0,0,0,0,0,0,1,0,0,0,0,0,FALSE,TRUE
"1937",1,0,0,16,0,0,0,0,0,0,0,0,0,0,0,0,0,1,0,0,0,0,FALSE,TRUE
"1938",1,0,3,1,0,0,0,0,0,0,0,0,0,0,0,0,0,1,0,1,0,1,FALSE,TRUE
"1939",1,0,0,3,0,0,0,0,0,0,0,0,0,0,0,0,0,0,0,0,0,0,FALSE,TRUE
"1940",1,0,0,3,0,0,0,0,0,0,0,0,0,0,0,0,0,1,0,0,0,1,FALSE,TRUE
"1941",1,0,2,21,2,1,0,0,0,0,0,1,0,0,0,0,0,0,0,0,0,0,FALSE,TRUE
"1942",1,0,3,8,1,0,0,1,0,0,1,0,0,0,0,0,0,0,0,0,0,0,FALSE,TRUE
"1943",4,1,0,6,2,0,0,1,0,0,0,1,0,0,0,0,0,0,0,0,0,0,FALSE,FALSE
"1944",2,0,2,52,2,0,1,0,0,0,0,0,0,1,0,0,1,0,0,1,0,0,FALSE,TRUE
"1945",1,1,3,28,2,0,0,1,0,0,0,1,0,0,0,0,0,0,0,1,0,0,FALSE,TRUE
"1946",1,1,1,10,2,0,0,1,0,0,0,1,0,0,0,0,0,0,0,1,0,0,FALSE,FALSE
"1947",0,0,0,11,2,1,0,0,0,0,1,0,0,0,0,0,1,0,0,1,0,0,FALSE,TRUE
"1948",0,0,0,1,1,0,0,1,0,0,0,0,0,1,0,0,0,0,1,0,0,1,FALSE,TRUE
"1949",0,0,1,1,2,1,0,0,0,0,0,0,0,1,0,0,0,0,0,0,0,0,FALSE,FALSE
"1950",2,0,0,4,1,1,0,0,1,0,0,1,0,0,0,0,0,0,0,0,0,0,FALSE,TRUE
"1951",4,0,0,12,3,0,0,1,0,0,0,1,1,0,0,0,0,0,0,0,0,0,FALSE,TRUE
"1952",3,0,0,7,0,1,0,0,0,0,0,1,0,0,0,0,0,0,0,0,0,0,FALSE,TRUE
"1953",7,6,19,145,6,0,1,1,0,0,0,1,1,1,0,0,0,0,0,1,1,1,FALSE,FALSE
"1954",3,0,10,20,1,0,0,1,0,0,0,0,0,0,0,0,0,0,0,1,0,1,FALSE,TRUE
"1955",3,0,0,7,1,0,0,1,0,0,0,0,0,0,0,0,0,0,0,0,0,0,FALSE,TRUE
"1956",2,0,0,9,0,0,0,0,0,0,0,1,0,0,0,0,0,0,0,0,0,0,FALSE,TRUE
"1957",7,14,13,70,9,1,1,1,0,0,0,1,1,1,1,0,0,0,0,1,1,1,FALSE,TRUE
"1958",2,0,0,1,0,1,0,0,0,0,0,0,0,0,0,0,0,0,0,0,0,0,FALSE,TRUE
"1959",3,0,3,7,3,1,1,1,0,0,0,0,0,0,1,0,0,0,0,0,0,0,FALSE,TRUE
"1960",5,1,3,28,3,1,1,0,0,0,0,1,1,0,0,0,1,0,0,0,0,0,FALSE,TRUE
"1961",7,0,0,26,10,1,0,1,1,0,0,1,1,0,0,0,0,0,0,0,0,0,FALSE,FALSE
"1962",3,0,0,2,0,0,0,0,0,0,0,0,0,0,1,0,0,0,1,0,0,0,FALSE,TRUE
"1963",2,0,0,38,1,0,0,0,0,0,0,0,0,0,0,0,1,0,0,0,0,0,FALSE,TRUE
"1964",2,0,0,4,0,1,0,1,0,0,0,0,0,0,0,0,0,0,1,0,0,0,FALSE,TRUE
"1965",2,0,3,30,1,0,1,0,0,0,0,0,0,0,1,0,0,0,1,0,0,0,FALSE,TRUE
"1966",4,0,1,111,4,0,0,0,0,0,0,0,1,0,1,0,0,0,1,0,0,0,FALSE,TRUE
"1967",3,0,8,29,6,0,0,0,0,0,0,0,0,0,0,0,0,1,1,0,0,0,FALSE,TRUE
"1968",3,0,3,81,4,0,0,0,0,0,0,0,0,0,0,0,0,1,1,0,0,0,FALSE,TRUE
"1969",4,0,4,44,4,0,0,0,0,0,0,0,0,0,1,0,0,0,1,0,0,0,FALSE,FALSE
"1970",7,1,15,428,7,1,0,1,1,0,0,0,0,0,1,0,0,0,0,0,0,0,FALSE,TRUE
"1971",6,0,0,13,6,0,0,0,0,0,0,0,0,0,0,0,0,0,0,0,0,0,FALSE,TRUE
"1972",6,0,0,16,3,0,0,0,0,0,0,0,0,0,0,0,0,0,0,0,0,0,FALSE,TRUE
"1973",6,0,1,65,5,0,0,0,0,0,0,0,0,0,0,0,0,0,0,1,0,0,FALSE,TRUE
"1974",7,0,19,34,3,1,0,1,0,0,0,0,0,0,0,0,0,0,0,0,0,0,FALSE,TRUE
"1975",2,0,0,6,2,0,0,1,0,0,0,1,0,1,0,0,0,1,0,0,0,1,FALSE,TRUE
"1976",2,0,0,21,2,0,0,0,0,0,0,0,0,0,0,0,0,0,0,1,0,0,FALSE,TRUE
"1977",1,0,0,8,0,0,0,0,0,0,0,0,0,0,0,0,0,0,0,0,0,0,FALSE,TRUE
"1978",1,0,0,1,0,0,0,0,0,0,0,0,0,0,0,0,0,0,0,0,0,0,FALSE,TRUE
"1979",7,1,0,5,4,1,0,1,0,0,0,0,1,0,0,0,0,0,0,0,1,0,FALSE,FALSE
"1980",1,0,0,5,0,0,0,0,0,0,0,0,0,0,0,0,0,0,0,0,0,0,FALSE,TRUE
"1981",3,0,3,3,0,0,0,0,0,0,0,0,0,0,0,0,0,0,0,0,0,0,FALSE,TRUE
"1982",1,0,0,24,0,0,0,0,0,0,0,0,0,0,0,0,0,1,0,0,0,0,FALSE,TRUE
"1983",2,0,7,9,0,0,0,0,0,0,0,0,0,0,0,0,0,1,0,0,0,0,FALSE,TRUE
"1984",1,0,1,26,0,0,0,0,0,0,0,0,0,0,0,0,0,0,0,0,0,0,FALSE,TRUE
"1985",2,1,8,4,0,0,0,0,0,0,0,0,0,0,0,0,0,1,0,0,0,0,FALSE,FALSE
"1986",1,2,15,29,0,0,0,0,0,0,0,0,0,0,0,0,0,1,0,0,0,0,FALSE,TRUE
"1987",1,0,8,1,0,0,0,0,0,0,0,0,0,0,0,0,0,1,0,0,0,0,FALSE,FALSE
"1988",2,2,30,28,1,0,0,0,1,0,0,0,0,0,1,0,0,0,0,0,0,0,FALSE,TRUE
"1989",2,0,0,25,0,0,0,0,0,0,0,0,0,0,0,0,0,1,0,0,0,0,FALSE,TRUE
"1990",1,0,1,3,0,0,0,1,0,0,0,0,0,0,0,0,0,1,0,0,0,0,FALSE,FALSE
"1991",2,0,0,1,0,0,0,1,0,0,0,0,0,0,0,0,0,0,0,1,0,1,FALSE,FALSE
"1992",2,0,1,1,3,0,0,0,0,0,0,0,0,0,0,0,0,0,0,0,0,0,FALSE,TRUE
"1993",2,0,0,25,0,0,0,1,0,0,0,0,0,0,0,0,0,1,0,0,0,0,FALSE,FALSE
"1994",3,1,6,31,2,0,0,1,0,0,0,0,0,0,0,0,0,0,0,0,0,0,FALSE,TRUE
"1995",3,0,0,30,0,0,0,1,0,0,0,0,0,0,0,0,0,0,0,0,0,0,FALSE,TRUE
"1996",1,0,0,9,0,0,0,0,0,0,0,0,0,0,0,0,0,0,0,0,0,1,FALSE,FALSE
"1997",6,1,2,46,1,0,0,1,0,0,0,0,0,0,0,0,0,0,0,0,0,0,FALSE,TRUE
"1998",1,0,1,8,3,0,0,1,0,0,0,0,0,0,0,0,0,1,0,0,0,1,FALSE,TRUE
"1999",1,0,0,8,0,0,0,1,0,0,0,0,0,0,0,0,0,0,0,0,0,1,FALSE,FALSE
"2000",1,0,0,17,0,0,0,0,0,0,0,0,0,0,0,0,0,0,0,0,0,1,FALSE,FALSE
"2001",2,0,0,6,0,0,0,0,0,0,0,0,0,0,0,0,0,0,0,0,0,0,FALSE,TRUE
"2002",5,5,28,212,9,1,1,1,1,0,0,1,1,1,1,0,0,1,0,1,1,0,FALSE,TRUE
"2003",3,0,8,66,4,0,0,0,0,0,0,0,1,1,0,0,0,0,0,1,0,1,FALSE,TRUE
"2004",2,0,2,13,0,0,0,0,0,0,0,1,0,0,0,0,0,0,0,0,0,0,FALSE,TRUE
"2005",2,0,3,12,0,0,0,0,0,0,0,0,0,0,1,0,0,1,1,1,0,0,FALSE,TRUE
"2006",2,0,1,2,2,0,0,0,0,0,0,1,0,0,0,0,0,0,0,1,0,0,FALSE,TRUE
"2007",1,0,0,1,0,0,0,0,0,0,0,0,0,0,0,0,0,0,0,0,0,0,FALSE,TRUE
"2008",2,0,0,41,4,0,0,1,1,0,0,1,1,1,0,0,0,1,0,1,0,0,FALSE,TRUE
"2009",1,0,8,12,0,0,1,0,0,0,0,0,0,0,0,0,1,0,0,0,0,0,FALSE,TRUE
"2010",1,0,0,4,0,0,0,0,0,0,0,0,0,0,0,0,0,0,0,0,0,0,FALSE,TRUE
"2011",2,5,12,15,3,0,1,0,1,0,0,0,0,1,0,0,0,1,0,1,0,0,FALSE,TRUE
"2012",4,1,1,7,4,0,1,0,0,0,0,0,1,1,0,0,0,1,0,1,0,0,FALSE,TRUE
"2013",2,2,14,53,1,1,0,1,0,0,0,0,0,0,0,0,0,0,0,0,0,0,FALSE,TRUE
"2014",1,2,1,25,0,1,0,0,0,0,0,0,0,1,0,0,0,1,0,1,0,0,FALSE,TRUE
"2015",2,4,4,6,2,0,0,0,0,0,0,0,0,1,0,0,0,0,1,0,0,0,FALSE,TRUE
"2016",1,0,1,6,2,0,0,0,0,0,0,0,0,1,0,0,0,1,0,1,0,0,FALSE,FALSE
"2017",1,2,0,1,0,0,0,0,0,0,0,0,0,0,0,0,0,0,0,1,0,0,FALSE,TRUE
"2018",1,0,0,4,0,0,0,0,0,0,0,0,0,0,0,0,0,0,0,0,0,0,FALSE,TRUE
"2019",2,3,2,2,2,0,1,0,0,0,0,0,1,1,0,0,0,1,0,1,0,0,FALSE,TRUE
"2020",1,0,0,3,0,0,0,0,0,0,0,0,0,0,0,0,0,0,0,0,0,0,FALSE,TRUE
"2021",1,0,4,0,0,0,0,0,0,0,0,0,0,0,0,0,0,0,0,1,0,0,FALSE,FALSE
"2022",1,0,0,2,0,0,0,0,0,0,0,0,0,0,0,0,0,0,0,1,0,0,FALSE,TRUE
"2023",1,0,2,1,0,0,0,0,0,0,0,0,0,0,0,0,0,0,0,1,0,0,FALSE,FALSE
"2024",2,0,2,11,0,1,0,0,0,0,0,0,0,0,0,0,0,0,0,0,0,0,FALSE,TRUE
"2025",1,0,0,1,0,0,0,0,0,0,0,0,0,0,0,0,0,0,0,1,0,0,FALSE,FALSE
"2026",1,0,1,10,0,0,0,0,0,0,0,0,0,0,0,0,0,0,0,1,0,0,FALSE,TRUE
"2027",1,0,0,3,0,0,0,0,0,0,0,0,0,0,0,0,0,0,0,1,0,0,FALSE,FALSE
"2028",1,0,0,2,0,0,0,0,0,0,0,0,0,0,0,0,0,0,0,1,0,0,FALSE,FALSE
"2029",1,0,0,1,1,0,0,0,0,0,0,0,0,0,0,0,0,0,0,1,0,0,FALSE,FALSE
"2030",1,0,0,11,0,0,0,0,0,0,0,0,0,0,0,0,0,0,0,1,0,0,FALSE,FALSE
"2031",3,0,0,2,0,1,0,0,0,0,0,0,0,0,1,0,0,1,0,1,0,1,FALSE,TRUE
"2032",3,0,1,14,0,0,0,0,0,0,0,1,0,0,1,1,0,0,0,0,0,0,FALSE,FALSE
"2033",3,0,1,25,1,0,0,1,0,0,1,0,1,0,0,0,0,1,0,0,0,1,FALSE,TRUE
"2034",3,0,1,26,1,0,0,1,0,0,1,0,1,0,0,0,0,1,0,0,0,1,FALSE,TRUE
"2035",3,0,19,25,1,0,0,0,0,0,0,0,0,0,0,0,0,0,0,1,0,0,FALSE,TRUE
"2036",3,0,19,24,1,0,0,0,0,0,0,0,0,0,0,0,0,0,0,1,0,0,FALSE,TRUE
"2037",3,0,0,3,0,0,0,1,0,0,0,0,0,0,0,0,0,1,0,0,0,1,FALSE,TRUE
"2038",3,0,1,24,2,1,0,0,1,1,0,1,1,0,0,0,0,1,0,0,0,1,FALSE,TRUE
"2039",3,0,1,25,2,1,0,0,1,1,0,1,1,0,0,0,0,1,0,0,0,1,FALSE,TRUE
"2040",3,0,0,47,5,0,0,0,0,0,0,1,0,0,1,0,0,1,0,0,0,1,FALSE,TRUE
"2041",3,0,0,50,5,0,0,0,0,0,0,1,0,0,1,0,0,1,0,0,0,1,FALSE,TRUE
"2042",2,0,0,28,1,1,0,1,0,0,0,0,0,0,0,0,1,0,0,0,0,1,FALSE,TRUE
"2043",2,0,0,27,1,1,0,1,0,0,0,0,0,0,0,0,1,0,0,0,0,1,FALSE,TRUE
"2044",2,0,0,5,2,0,0,0,0,0,0,0,0,0,1,1,1,0,0,0,0,0,FALSE,FALSE
"2045",2,0,0,2,1,0,0,0,0,0,0,0,0,0,1,1,1,0,0,0,0,0,FALSE,TRUE
"2046",5,0,1,8,0,0,0,1,0,0,0,0,0,0,0,0,0,0,0,0,0,0,FALSE,FALSE
"2047",2,0,0,23,1,0,0,1,0,0,0,0,0,0,0,0,0,0,0,0,0,0,FALSE,TRUE
"2048",6,7,33,153,3,0,0,0,0,0,0,0,0,1,0,0,0,0,0,0,0,0,FALSE,TRUE
"2049",6,8,41,53,2,0,0,1,0,0,0,0,0,0,0,0,0,0,0,0,0,0,FALSE,TRUE
"2050",3,0,13,72,3,0,0,1,0,0,0,0,0,0,0,0,0,0,0,0,0,0,FALSE,TRUE
"2051",5,0,1,8,3,0,1,1,0,0,0,0,0,0,0,0,0,0,0,0,0,0,FALSE,TRUE
"2052",2,0,0,1,0,0,0,1,0,0,0,0,0,0,0,0,0,0,0,0,0,0,FALSE,FALSE
"2053",2,0,0,5,1,0,0,1,0,0,0,0,0,0,0,0,0,0,0,0,0,0,FALSE,TRUE
"2054",4,0,2,28,2,0,0,1,0,0,0,0,0,0,0,0,0,0,0,0,0,0,FALSE,TRUE
"2055",4,0,1,9,1,0,0,1,0,0,0,0,0,0,0,0,0,0,0,0,0,0,FALSE,FALSE
"2056",3,0,1,14,2,0,1,0,0,0,0,1,0,0,0,0,0,0,1,1,0,0,FALSE,TRUE
"2057",3,1,1,2,2,0,1,1,0,0,0,1,1,0,0,0,0,1,1,0,0,1,FALSE,FALSE
"2058",7,4,1,19,4,0,1,1,1,0,0,1,1,0,0,0,0,0,1,1,0,0,FALSE,FALSE
"2059",4,6,0,56,6,1,0,1,0,0,0,1,1,0,1,0,0,1,1,0,1,0,FALSE,FALSE
"2060",3,0,0,7,2,0,0,1,0,0,0,0,1,0,0,0,0,0,1,1,0,0,FALSE,FALSE
"2061",3,0,0,15,2,1,1,0,0,0,0,1,0,0,0,0,0,0,1,0,0,1,FALSE,FALSE
"2062",2,0,0,37,1,0,1,0,0,0,0,1,0,0,0,0,0,0,1,1,0,0,FALSE,TRUE
"2063",2,0,1,16,1,0,1,0,0,0,0,0,1,0,0,0,0,1,0,0,0,1,FALSE,TRUE
"2064",3,0,1,3,1,1,1,0,0,0,0,0,1,0,0,0,0,0,1,1,0,0,FALSE,FALSE
"2065",2,0,0,30,2,1,0,1,0,0,0,1,1,0,0,0,1,0,0,0,0,1,FALSE,TRUE
"2066",5,2,6,14,1,0,1,1,0,0,0,0,0,1,1,0,0,1,0,1,0,0,FALSE,FALSE
"2067",2,0,4,5,0,0,0,1,0,0,0,0,0,0,0,0,0,1,0,0,0,0,FALSE,FALSE
"2068",3,0,0,6,2,1,0,1,0,0,0,0,0,1,0,0,0,0,0,1,0,0,FALSE,TRUE
"2069",2,0,2,6,0,0,0,1,0,0,0,0,0,0,0,0,0,0,0,1,0,0,FALSE,FALSE
"2070",7,7,19,12,6,1,1,1,0,0,0,0,0,1,0,0,0,0,0,0,1,0,FALSE,TRUE
"2071",2,0,0,6,1,1,0,0,0,0,0,0,0,0,0,0,0,0,0,0,0,0,FALSE,TRUE
"2072",4,0,4,2,3,1,0,1,0,0,0,0,1,0,0,0,0,0,0,1,0,1,FALSE,TRUE
"2073",1,1,19,17,0,0,0,0,0,0,0,0,0,0,0,0,0,1,0,0,0,0,FALSE,FALSE
"2074",1,0,0,1,0,0,0,0,0,0,0,0,0,0,0,0,0,1,0,0,0,0,FALSE,FALSE
"2075",2,0,3,12,0,0,0,0,0,0,0,0,0,0,0,0,0,1,0,0,0,0,FALSE,FALSE
"2076",2,0,0,101,0,0,0,1,0,0,0,0,0,0,1,0,0,1,0,0,0,1,FALSE,TRUE
"2077",3,0,0,11,4,0,1,0,0,0,0,0,0,0,1,0,0,0,1,1,0,0,FALSE,TRUE
"2078",7,0,11,116,6,1,0,1,0,0,0,1,1,0,1,1,1,1,1,1,0,1,FALSE,TRUE
"2079",3,0,3,24,1,1,0,0,0,0,0,0,0,0,1,0,0,0,1,1,0,0,FALSE,TRUE
"2080",2,0,0,18,4,0,1,0,1,1,0,0,0,0,0,0,0,1,0,0,0,1,FALSE,TRUE
"2081",2,0,0,35,1,0,1,1,0,0,0,0,0,0,1,0,0,1,0,0,0,1,FALSE,TRUE
"2082",1,0,0,1,0,0,0,0,0,0,0,0,0,0,0,0,0,0,0,0,0,0,FALSE,TRUE
"2083",1,0,0,9,0,0,0,0,0,0,0,0,0,0,0,0,0,0,0,0,0,0,FALSE,TRUE
"2084",1,0,0,1,0,0,0,0,0,0,0,0,0,0,0,0,0,1,0,0,0,1,FALSE,FALSE
"2085",1,0,0,4,0,0,0,0,0,0,0,0,0,0,0,0,0,1,0,0,0,1,FALSE,FALSE
"2086",4,2,4,7,0,0,0,1,1,0,0,0,1,0,0,0,0,0,0,1,0,1,FALSE,TRUE
"2087",2,1,1,4,0,0,0,0,0,0,0,0,0,0,1,0,0,1,0,0,0,0,FALSE,FALSE
"2088",6,1,13,33,0,0,0,0,0,0,0,1,0,0,0,0,0,0,0,0,1,0,FALSE,FALSE
"2089",7,0,0,18,2,0,0,1,0,0,0,1,0,0,0,0,0,0,0,1,1,1,FALSE,FALSE
"2090",6,0,5,24,0,0,0,1,0,0,0,1,0,0,0,0,0,0,0,1,0,1,FALSE,FALSE
"2091",1,0,0,1,0,0,0,0,0,0,0,0,0,0,0,0,0,0,0,0,0,0,FALSE,TRUE
"2092",2,1,2,4,0,0,0,0,0,0,0,0,0,0,0,0,0,0,0,0,0,0,FALSE,TRUE
"2093",1,0,0,13,0,0,0,0,0,0,0,0,0,0,0,0,0,0,0,0,0,0,FALSE,TRUE
"2094",1,0,0,1,0,0,0,0,0,0,0,0,0,0,0,0,0,1,0,0,0,0,FALSE,FALSE
"2095",5,0,2,22,0,0,0,0,0,0,0,1,1,0,0,0,0,0,0,0,0,0,FALSE,FALSE
"2096",7,2,5,14,6,0,0,1,0,0,0,0,1,0,1,0,0,0,0,0,0,0,FALSE,FALSE
"2097",3,0,2,9,2,1,1,1,0,0,0,0,1,1,1,0,0,0,0,0,0,0,FALSE,TRUE
"2098",3,0,0,4,4,0,1,1,0,0,0,0,1,0,1,0,0,0,1,0,0,0,FALSE,TRUE
"2099",5,0,0,4,1,1,0,1,0,0,0,0,1,0,1,0,0,0,0,0,0,0,FALSE,TRUE
"2100",4,1,1,8,4,1,0,1,0,0,0,1,1,1,1,0,0,0,0,0,0,0,FALSE,TRUE
"2101",5,0,2,13,3,1,0,1,0,0,1,0,1,0,0,0,0,0,0,0,0,0,FALSE,TRUE
"2102",3,0,0,1,4,0,1,0,0,0,0,1,1,0,1,0,0,0,1,0,0,0,FALSE,TRUE
"2103",3,0,0,3,4,0,1,0,0,0,0,0,1,0,1,0,0,0,1,0,0,0,FALSE,TRUE
"2104",4,0,2,26,3,1,0,1,0,0,0,0,1,0,1,0,0,0,0,0,0,0,FALSE,TRUE
"2105",3,0,0,1,2,0,1,0,0,0,0,0,1,0,1,0,0,0,1,0,0,0,FALSE,TRUE
"2106",2,0,2,3,1,1,0,0,0,0,0,0,0,0,0,0,1,0,0,0,0,0,FALSE,FALSE
"2107",2,0,1,4,0,1,0,1,0,0,0,0,0,0,0,0,1,0,0,1,0,0,FALSE,TRUE
"2108",2,0,0,1,0,0,0,0,0,0,0,0,0,0,1,0,0,0,1,0,0,0,FALSE,TRUE
"2109",3,0,3,11,4,1,1,0,1,0,0,1,0,0,1,0,1,0,0,1,0,0,FALSE,TRUE
"2110",2,0,2,2,0,0,0,0,0,0,0,0,0,0,0,0,0,0,0,0,0,1,FALSE,TRUE
"2111",1,0,0,1,1,0,0,1,0,0,0,0,0,0,0,0,0,1,0,1,0,0,FALSE,TRUE
"2112",2,0,0,4,0,1,0,1,1,0,0,0,0,0,0,0,1,0,0,0,0,0,FALSE,FALSE
"2113",1,0,0,5,0,0,0,0,0,0,0,0,0,0,0,0,0,0,0,0,0,0,FALSE,FALSE
"2114",1,0,0,1,1,0,0,0,0,0,0,0,0,0,0,0,0,0,0,0,0,0,FALSE,TRUE
"2115",1,0,0,4,0,1,0,0,0,0,0,0,0,0,0,0,0,0,0,0,0,0,FALSE,TRUE
"2116",3,1,5,27,0,0,0,0,0,0,0,0,0,0,0,0,0,0,0,0,0,0,FALSE,TRUE
"2117",2,0,0,5,0,0,0,0,0,0,0,0,0,0,0,0,0,0,0,0,0,0,FALSE,TRUE
"2118",5,0,0,17,2,0,1,0,0,0,0,0,1,0,0,0,0,1,0,0,0,1,FALSE,FALSE
"2119",4,0,1,3,2,0,0,0,0,0,0,0,1,0,0,0,0,0,0,0,0,0,FALSE,TRUE
"2120",5,1,1,9,2,0,1,0,0,0,0,0,1,0,0,0,0,1,0,1,0,0,FALSE,TRUE
"2121",2,0,0,5,0,0,0,0,0,0,0,0,0,0,0,0,0,0,0,0,0,0,FALSE,TRUE
"2122",1,0,0,4,0,0,0,0,0,0,0,0,0,0,0,0,0,0,0,0,0,0,FALSE,FALSE
"2123",1,0,1,1,0,0,0,0,0,0,0,0,0,0,0,0,0,0,0,0,0,0,FALSE,TRUE
"2124",7,3,0,38,2,0,1,0,0,0,0,0,1,0,0,0,0,1,0,0,0,1,FALSE,TRUE
"2125",1,0,0,2,0,0,0,0,0,0,0,0,0,0,0,0,0,0,0,0,0,0,FALSE,TRUE
"2126",5,0,2,28,3,0,0,0,0,0,0,0,1,0,0,1,0,0,0,0,0,1,TRUE,TRUE
"2127",3,0,0,7,0,0,0,0,0,0,0,0,0,1,0,0,0,1,0,1,0,1,TRUE,TRUE
"2128",4,0,6,29,0,0,0,1,0,0,0,0,0,0,1,0,0,1,1,1,0,1,TRUE,FALSE
"2129",2,1,1,16,0,0,0,0,0,0,0,0,0,0,0,0,0,1,0,1,0,1,TRUE,TRUE
"2130",2,0,0,5,1,0,0,0,0,0,0,0,0,0,1,0,0,1,1,1,0,1,TRUE,TRUE
"2131",7,0,5,34,4,0,0,0,0,0,0,0,1,1,0,0,0,1,0,1,0,1,TRUE,TRUE
"2132",1,0,3,28,0,0,0,0,0,0,0,0,0,0,0,0,0,0,0,0,0,0,TRUE,FALSE
"2133",1,2,18,52,0,0,0,0,0,0,0,0,0,0,0,0,0,1,0,1,0,1,TRUE,FALSE
"2134",2,0,0,6,0,0,0,0,0,0,0,0,0,0,0,0,0,0,0,0,0,0,TRUE,TRUE
"2135",7,2,0,16,7,0,0,1,0,0,0,0,0,0,0,0,0,0,0,0,1,0,TRUE,TRUE
"2136",4,0,0,9,1,0,0,0,0,0,0,0,0,0,0,0,0,0,0,0,0,0,FALSE,TRUE
"2137",7,1,0,23,1,0,0,0,0,0,0,0,1,1,0,0,0,1,1,1,0,1,FALSE,TRUE
"2138",7,1,13,29,0,0,0,0,0,0,0,0,1,1,0,0,0,0,0,0,1,0,FALSE,FALSE
"2139",6,0,4,9,0,0,0,0,0,0,0,0,0,0,0,0,0,0,0,1,0,0,FALSE,TRUE
"2140",7,1,21,53,2,0,0,0,0,0,0,0,0,0,0,0,0,0,0,0,1,0,FALSE,TRUE
"2141",3,1,6,22,0,0,0,0,0,0,0,0,0,0,0,0,0,0,0,0,0,0,FALSE,TRUE
"2142",4,0,0,1,0,0,0,0,0,0,0,0,1,0,0,0,0,0,0,0,0,1,FALSE,TRUE
"2143",3,0,1,17,0,0,0,0,0,0,0,0,0,0,0,0,0,0,0,1,0,0,FALSE,FALSE
"2144",5,0,2,3,1,0,0,0,0,0,0,0,0,0,0,0,0,0,0,0,0,0,FALSE,FALSE
"2145",2,0,5,13,0,0,0,0,0,0,0,0,0,0,0,0,0,0,0,0,0,0,FALSE,TRUE
"2146",4,6,2,11,5,1,1,1,0,0,0,0,0,0,0,0,0,1,0,1,0,0,FALSE,TRUE
"2147",2,4,1,19,0,0,0,0,0,0,0,0,0,1,0,0,0,1,0,1,0,0,FALSE,TRUE
"2148",2,2,0,3,1,0,0,0,0,0,0,0,1,0,0,0,0,1,0,1,0,0,FALSE,TRUE
"2149",2,3,0,2,2,0,0,1,0,0,0,0,0,1,0,0,0,1,0,1,0,0,FALSE,TRUE
"2150",2,2,6,3,3,1,0,1,0,0,0,0,0,0,0,0,0,0,0,1,1,1,FALSE,FALSE
"2151",2,0,2,1,4,0,0,1,0,0,0,0,0,0,0,0,0,1,0,1,0,1,FALSE,TRUE
"2152",2,4,5,0,5,0,0,0,0,0,0,1,1,0,0,0,0,1,0,1,0,1,FALSE,FALSE
"2153",2,3,0,2,2,1,0,0,0,0,0,0,0,1,0,0,0,1,0,1,0,0,FALSE,TRUE
"2154",2,0,1,2,6,1,0,0,0,0,0,1,1,1,0,0,0,1,0,1,0,1,FALSE,TRUE
"2155",2,1,8,20,2,1,0,0,0,0,0,0,1,0,0,0,0,1,0,1,0,1,FALSE,FALSE
"2156",2,1,6,36,0,0,0,0,0,0,0,0,1,1,0,0,0,0,0,1,0,0,FALSE,TRUE
"2157",2,1,1,2,0,0,0,0,0,0,0,0,1,1,0,0,0,0,0,0,0,0,FALSE,TRUE
"2158",3,1,0,4,3,0,0,1,0,0,0,0,1,1,0,0,0,1,0,0,1,0,FALSE,FALSE
"2159",4,0,0,5,1,1,0,0,0,0,0,0,0,1,0,0,0,0,0,0,0,1,FALSE,TRUE
"2160",1,0,1,17,0,0,0,0,0,0,0,0,0,0,0,0,0,0,0,0,0,0,FALSE,TRUE
"2161",1,0,2,0,0,0,0,0,0,0,0,0,0,0,0,0,0,0,0,0,0,0,FALSE,TRUE
"2162",1,1,4,10,0,0,0,0,0,0,0,0,0,0,0,0,0,0,0,1,0,0,FALSE,TRUE
"2163",1,0,0,2,2,0,0,0,0,0,0,1,0,1,0,0,0,1,0,1,0,0,FALSE,TRUE
"2164",1,1,0,8,0,0,0,0,0,0,0,0,0,0,0,0,0,0,0,0,0,0,FALSE,TRUE
"2165",1,0,1,6,0,0,0,0,0,0,0,0,0,0,0,0,0,0,0,0,0,0,FALSE,TRUE
"2166",7,4,0,3,1,1,0,1,0,0,0,0,0,0,0,0,0,0,0,0,0,0,FALSE,TRUE
"2167",2,0,0,6,0,0,0,1,0,0,0,0,0,0,0,0,0,0,0,0,0,0,FALSE,TRUE
"2168",1,0,0,4,1,0,0,1,0,0,0,0,0,0,0,0,0,1,0,0,0,0,FALSE,TRUE
"2169",1,0,0,20,0,0,0,1,0,0,0,0,0,0,0,0,0,0,0,0,0,0,FALSE,FALSE
"2170",7,10,2,11,6,1,0,1,1,0,0,1,1,0,0,0,0,0,0,0,0,0,FALSE,TRUE
"2171",1,0,0,1,0,0,0,0,0,0,0,0,0,0,0,0,0,0,0,0,0,0,FALSE,TRUE
"2172",1,0,2,3,0,1,0,1,0,0,0,0,0,0,0,0,0,1,0,0,0,0,FALSE,FALSE
"2173",1,2,1,4,2,0,0,0,0,0,0,0,0,0,0,0,0,1,0,0,0,0,FALSE,TRUE
"2174",1,0,0,5,0,0,1,1,0,0,0,0,0,0,0,0,0,0,0,0,0,0,FALSE,TRUE
"2175",1,0,0,8,0,0,0,1,0,0,0,0,0,0,0,0,0,0,0,0,0,0,FALSE,TRUE
"2176",7,0,8,8,6,1,1,0,1,0,0,0,1,1,0,0,0,0,0,0,1,0,TRUE,TRUE
"2177",1,0,0,4,2,1,0,0,0,0,0,0,1,0,0,0,0,1,0,1,0,0,TRUE,TRUE
"2178",3,0,0,1,2,1,0,0,0,0,0,0,0,1,0,0,0,1,0,1,0,0,TRUE,TRUE
"2179",2,0,1,4,1,1,0,0,1,0,0,0,1,0,0,0,0,0,0,0,0,0,TRUE,FALSE
"2180",1,0,0,1,2,0,0,1,0,1,0,0,0,0,0,0,0,1,0,1,0,0,TRUE,TRUE
"2181",4,0,1,7,4,1,0,0,1,0,0,0,1,1,0,0,0,1,0,0,1,0,TRUE,TRUE
"2182",7,1,0,2,4,1,1,1,1,0,0,1,1,0,1,0,0,1,0,0,0,1,TRUE,FALSE
"2183",1,0,0,1,2,0,1,0,0,0,0,0,0,1,0,0,0,1,0,1,0,0,TRUE,TRUE
"2184",1,0,0,1,0,0,0,0,1,0,0,0,0,0,0,0,0,1,0,1,0,0,TRUE,TRUE
"2185",3,0,0,1,2,1,0,0,1,1,0,0,0,0,0,0,1,0,0,1,1,0,TRUE,FALSE
"2186",3,0,1,15,2,1,1,1,1,0,0,1,1,0,0,0,0,0,0,0,0,0,FALSE,TRUE
"2187",2,0,1,44,2,0,1,0,0,0,0,1,0,1,1,0,0,0,0,0,0,1,FALSE,TRUE
"2188",2,0,1,18,2,0,1,0,0,0,0,1,0,0,1,1,0,0,0,0,0,0,FALSE,TRUE
"2189",2,0,0,86,2,0,0,0,0,0,0,1,1,0,1,1,0,0,0,0,0,0,FALSE,FALSE
"2190",7,36,14,111,6,1,1,1,1,1,0,0,1,0,1,0,0,0,0,0,0,0,FALSE,TRUE
"2191",2,0,0,11,2,1,0,1,1,0,0,1,0,0,1,0,0,0,0,0,0,0,FALSE,TRUE
"2192",1,0,0,11,1,0,0,0,0,0,0,1,0,0,1,0,0,1,0,0,0,1,FALSE,FALSE
"2193",2,0,0,1,0,0,0,0,0,0,0,0,1,0,1,0,0,0,0,0,0,0,FALSE,FALSE
"2194",1,0,0,3,0,0,0,0,0,0,1,0,0,0,0,0,0,0,0,0,0,1,FALSE,TRUE
"2195",1,0,0,4,2,0,0,1,0,0,0,0,1,0,0,0,0,0,0,0,0,1,FALSE,FALSE
"2196",6,0,0,7,2,0,0,1,0,0,0,0,1,0,0,0,0,0,0,0,0,0,FALSE,TRUE
"2197",5,0,3,1,3,0,0,1,0,0,0,1,1,0,1,0,0,0,1,0,0,0,FALSE,TRUE
"2198",4,0,0,9,3,0,0,1,0,0,0,1,1,0,1,0,0,0,1,0,0,0,FALSE,TRUE
"2199",5,0,0,5,1,0,0,1,0,0,0,0,0,1,0,0,0,0,0,0,0,0,FALSE,FALSE
"2200",7,0,0,1,0,0,0,1,0,0,0,0,1,1,0,0,0,0,0,1,0,1,FALSE,FALSE
"2201",6,0,0,11,2,0,0,0,0,0,0,0,0,1,0,0,0,1,0,1,0,1,FALSE,FALSE
"2202",3,0,0,6,0,0,0,1,0,0,0,0,0,0,1,1,0,0,0,0,0,1,FALSE,TRUE
"2203",3,0,0,6,0,0,0,1,0,0,0,0,0,1,0,0,1,1,0,1,0,1,FALSE,FALSE
"2204",7,0,1,9,1,0,0,1,0,0,0,0,0,0,0,0,0,0,0,0,0,0,FALSE,TRUE
"2205",5,1,1,1,2,0,0,1,0,0,0,1,1,0,1,0,0,0,1,0,0,0,FALSE,TRUE
"2206",4,0,1,8,1,0,0,1,0,0,0,0,0,0,0,0,0,0,0,0,0,0,FALSE,FALSE
"2207",3,0,1,4,2,1,1,1,0,0,0,1,0,0,0,0,0,0,0,1,0,0,FALSE,FALSE
"2208",5,1,1,2,1,0,0,1,0,0,0,0,0,0,0,0,0,0,0,0,0,0,FALSE,TRUE
"2209",2,1,1,10,0,0,0,1,0,0,0,0,0,0,0,0,0,0,0,0,0,0,FALSE,FALSE
"2210",3,0,0,1,2,1,0,0,0,0,0,1,0,0,0,0,0,0,0,0,0,0,FALSE,FALSE
"2211",5,1,0,37,2,1,1,1,0,0,0,1,1,0,0,0,1,0,0,1,0,0,FALSE,TRUE
"2212",1,0,0,1,0,0,0,0,0,0,0,0,0,0,0,0,0,0,0,0,0,0,FALSE,TRUE
"2213",1,2,13,24,3,1,0,0,0,0,0,0,0,0,0,0,0,0,0,1,0,0,FALSE,FALSE
"2214",1,0,0,27,0,1,0,0,0,0,0,0,0,0,0,0,0,0,0,0,0,0,FALSE,TRUE
"2215",1,0,0,4,0,0,0,0,0,0,0,0,0,0,0,0,0,0,0,0,0,0,FALSE,TRUE
"2216",0,0,0,4,0,0,0,0,0,0,0,0,0,0,0,0,0,0,0,0,0,0,FALSE,TRUE
"2217",0,7,23,113,3,0,0,0,0,0,0,0,0,0,0,0,0,0,0,0,0,0,FALSE,TRUE
"2218",2,0,0,16,0,0,0,0,0,0,0,0,0,1,0,0,0,1,0,1,0,0,FALSE,TRUE
"2219",0,0,0,38,0,0,0,0,0,0,0,0,0,0,0,0,0,1,0,0,0,0,FALSE,TRUE
"2220",0,0,1,3,0,0,0,0,0,0,0,0,0,0,0,0,0,0,0,0,0,0,FALSE,TRUE
"2221",0,0,4,61,0,0,0,0,0,0,0,0,0,1,0,0,0,1,1,1,0,0,FALSE,TRUE
"2222",0,0,3,8,0,0,0,0,0,0,0,0,0,0,1,1,0,0,0,1,0,0,FALSE,FALSE
"2223",0,0,0,1,0,0,0,0,0,0,0,0,0,0,0,0,0,0,0,0,0,0,FALSE,TRUE
"2224",0,0,0,2,0,0,0,0,0,0,0,0,0,0,0,0,0,0,0,0,0,0,FALSE,TRUE
"2225",0,0,0,11,1,0,0,0,0,0,0,0,0,0,0,0,1,0,0,1,0,0,FALSE,TRUE
"2226",1,0,0,1,0,0,0,0,0,0,0,0,0,0,0,0,0,0,0,0,0,0,FALSE,TRUE
"2227",1,0,0,1,0,0,0,0,0,0,0,0,0,0,0,0,0,1,0,1,0,0,FALSE,FALSE
"2228",1,0,0,1,2,0,0,0,0,0,0,0,0,0,0,0,0,1,0,1,0,0,FALSE,TRUE
"2229",1,0,0,9,1,0,0,0,0,0,0,0,0,0,0,0,0,0,0,1,0,0,FALSE,TRUE
"2230",2,0,0,5,4,1,1,1,0,0,0,0,0,0,1,1,0,0,0,0,0,0,FALSE,FALSE
"2231",2,3,2,20,0,0,1,0,0,0,0,0,0,0,0,0,0,0,0,0,0,0,FALSE,TRUE
"2232",1,0,0,3,0,0,0,0,0,0,0,0,0,0,0,0,1,0,0,0,0,0,FALSE,TRUE
"2233",1,0,0,1,0,0,0,0,0,0,0,0,0,0,0,0,1,0,0,0,0,0,FALSE,TRUE
"2234",2,0,2,76,3,0,1,0,0,0,0,0,0,0,0,0,0,1,0,1,0,0,FALSE,TRUE
"2235",1,1,2,15,1,1,0,1,0,0,0,0,0,0,0,0,0,1,0,0,0,0,FALSE,FALSE
"2236",3,0,0,10,0,1,0,1,0,0,0,0,1,0,0,0,0,0,0,0,1,0,FALSE,TRUE
"2237",5,0,2,5,2,0,0,1,0,0,0,1,0,0,0,0,0,0,0,1,0,0,FALSE,TRUE
"2238",1,0,5,40,0,0,0,1,0,0,0,0,0,0,0,0,0,0,0,1,0,0,FALSE,FALSE
"2239",1,0,0,3,0,0,0,1,0,0,0,0,0,0,0,0,0,1,0,1,0,1,FALSE,FALSE
"2240",1,0,0,4,0,0,0,1,0,0,0,0,0,0,0,0,0,0,0,1,0,1,FALSE,FALSE
"2241",2,0,0,18,0,0,0,1,0,0,0,0,0,0,0,0,0,0,0,1,0,1,FALSE,TRUE
"2242",1,0,0,4,0,0,0,0,0,0,0,0,0,0,0,0,0,1,0,1,0,0,FALSE,TRUE
"2243",7,2,40,43,4,1,1,1,0,1,0,1,0,0,0,0,0,1,1,1,1,1,FALSE,TRUE
"2244",1,0,2,3,0,1,0,0,0,0,0,0,0,0,0,0,0,0,0,1,0,0,FALSE,FALSE
"2245",3,0,0,8,1,1,0,1,0,0,0,0,1,0,0,1,0,0,0,1,1,0,FALSE,FALSE
"2246",2,1,98,234,2,1,0,0,1,0,0,0,0,0,0,0,0,0,0,0,0,0,FALSE,TRUE
"2247",2,2,102,161,0,1,1,0,0,0,0,0,0,0,0,0,0,0,0,0,0,0,FALSE,TRUE
"2248",2,1,1,24,1,0,0,0,0,0,0,0,0,0,0,0,0,0,0,0,0,0,FALSE,TRUE
"2249",2,1,1,2,1,0,0,0,0,0,0,0,0,0,0,0,0,0,0,0,0,0,FALSE,TRUE
"2250",2,0,2,16,1,1,1,1,0,0,0,0,0,0,0,0,0,0,0,0,0,0,FALSE,TRUE
"2251",3,0,0,14,4,1,1,1,0,0,0,0,0,1,0,0,0,0,0,0,0,0,FALSE,TRUE
"2252",4,0,1,0,3,1,1,1,0,0,0,0,1,0,0,0,0,0,0,0,0,0,FALSE,TRUE
"2253",2,0,0,1,2,1,1,1,0,0,0,0,0,0,0,0,0,0,0,0,0,0,FALSE,TRUE
"2254",1,0,5,5,0,0,0,0,0,0,0,0,0,0,0,0,0,0,0,0,0,0,FALSE,TRUE
"2255",1,0,1,2,0,0,0,0,0,0,0,0,0,0,0,0,0,0,0,0,0,0,FALSE,TRUE
"2256",4,0,4,34,0,0,1,0,0,0,0,0,0,0,0,0,0,0,0,0,0,0,FALSE,TRUE
"2257",3,0,0,10,0,0,0,1,0,0,0,0,0,0,0,0,0,0,0,0,0,0,FALSE,TRUE
"2258",5,0,0,3,0,0,0,0,0,0,0,0,0,0,0,0,0,0,0,0,0,0,FALSE,FALSE
"2259",5,7,12,101,0,0,0,1,0,0,0,0,0,0,0,0,0,0,0,0,0,0,FALSE,TRUE
"2260",3,0,0,8,0,0,0,1,0,0,0,0,0,0,0,0,0,0,0,0,0,0,FALSE,TRUE
"2261",5,8,8,39,1,0,0,0,0,0,0,0,0,0,0,0,0,0,0,0,0,0,FALSE,TRUE
"2262",4,0,0,9,0,0,0,0,1,0,0,0,0,0,0,0,0,0,0,0,0,0,FALSE,TRUE
"2263",3,2,2,1,0,1,0,0,0,0,0,0,0,0,0,0,0,0,0,0,0,1,FALSE,FALSE
"2264",5,0,1,7,0,0,0,0,0,0,0,0,0,0,0,0,0,0,0,0,0,0,FALSE,TRUE
"2265",3,0,2,4,0,0,0,0,0,0,0,0,1,0,0,0,0,0,0,0,0,0,FALSE,TRUE
"2266",7,0,1,29,2,0,0,0,0,0,0,0,0,0,0,0,0,0,0,1,1,0,FALSE,TRUE
"2267",2,0,2,12,0,0,0,0,0,0,0,0,0,0,0,0,0,0,0,0,0,0,FALSE,TRUE
"2268",3,0,0,4,0,0,0,0,0,0,0,0,0,0,0,0,0,0,0,1,0,0,FALSE,TRUE
"2269",5,0,0,11,0,0,0,0,0,0,0,0,0,0,0,0,0,0,0,1,0,1,FALSE,TRUE
"2270",1,0,0,1,0,0,0,0,0,0,0,0,0,0,0,0,0,0,0,0,0,0,FALSE,TRUE
"2271",1,1,0,0,0,0,0,0,0,0,0,0,0,0,0,0,0,0,0,0,0,0,FALSE,TRUE
"2272",7,8,0,0,8,1,1,0,1,0,0,1,1,0,0,0,0,1,0,0,1,0,FALSE,FALSE
"2273",1,1,0,0,0,0,0,0,0,0,0,0,0,0,0,0,0,0,0,0,0,0,FALSE,TRUE
"2274",6,2,1,31,1,0,0,0,0,0,0,0,0,0,0,0,0,0,0,1,1,0,FALSE,TRUE
"2275",7,0,0,9,5,1,1,1,1,0,0,0,0,0,0,0,0,1,1,1,1,1,FALSE,TRUE
"2276",4,0,5,2,1,1,0,0,0,0,0,0,0,0,0,0,0,0,0,0,0,0,FALSE,TRUE
"2277",5,0,25,2,0,1,0,0,0,0,0,0,0,0,1,0,0,0,0,0,0,0,FALSE,TRUE
"2278",3,0,5,0,1,0,0,0,0,0,0,0,0,0,0,0,0,0,0,0,0,0,FALSE,FALSE
"2279",4,0,0,2,0,0,0,0,0,0,0,1,0,0,0,0,0,1,0,0,0,0,FALSE,TRUE
"2280",6,2,10,4,2,1,0,0,0,0,0,0,0,0,1,0,0,0,0,0,0,1,FALSE,TRUE
"2281",2,0,6,0,0,1,0,0,0,0,0,0,0,0,0,0,0,0,0,0,0,1,FALSE,FALSE
"2282",3,0,2,2,2,0,0,0,0,0,0,0,0,0,0,0,0,0,0,0,0,0,FALSE,FALSE
"2283",3,0,2,2,1,0,0,0,0,0,0,0,0,0,0,0,0,0,0,0,0,0,FALSE,TRUE
"2284",3,0,44,25,0,0,0,0,0,0,0,0,0,0,1,0,0,0,0,0,0,0,FALSE,TRUE
"2285",4,2,59,23,0,0,0,1,0,0,0,0,0,0,0,0,0,0,0,0,0,0,FALSE,TRUE
"2286",6,1,4,32,3,1,0,1,0,0,0,0,1,0,0,0,0,0,0,0,0,1,FALSE,TRUE
"2287",5,3,24,48,2,0,0,1,0,0,0,1,0,0,0,0,0,0,0,0,0,1,FALSE,FALSE
"2288",7,3,18,154,4,0,1,0,0,0,0,1,0,0,1,0,0,1,0,1,0,0,FALSE,FALSE
"2289",4,0,0,2,1,0,1,0,0,0,0,0,0,0,1,0,0,1,0,1,0,0,FALSE,FALSE
"2290",3,0,0,2,7,0,0,0,1,0,0,1,0,0,1,0,0,1,0,0,0,1,FALSE,FALSE
"2291",5,0,0,3,6,0,1,0,0,0,0,0,0,0,1,0,0,1,0,0,0,0,FALSE,TRUE
"2292",7,31,5,32,5,0,1,0,0,0,0,1,1,0,1,1,0,1,0,1,0,0,FALSE,TRUE
"2293",5,0,0,12,7,0,1,0,0,0,0,1,0,0,0,0,1,1,0,1,0,0,FALSE,FALSE
"2294",3,1,0,3,4,0,1,0,0,0,0,0,0,0,1,0,0,1,0,0,0,1,FALSE,TRUE
"2295",3,1,0,18,4,0,1,0,0,0,0,0,0,0,1,0,0,1,0,0,0,1,FALSE,TRUE
"2296",4,1,0,5,2,0,0,0,0,0,0,0,1,1,1,0,0,0,1,0,1,0,FALSE,TRUE
"2297",4,0,0,2,1,0,0,0,0,0,0,0,1,0,0,0,0,1,0,1,0,0,FALSE,TRUE
"2298",5,1,0,2,0,0,0,0,0,0,0,0,1,0,0,0,0,0,0,0,0,0,FALSE,TRUE
"2299",3,0,0,2,1,0,0,0,0,0,0,0,1,0,0,0,0,0,0,1,0,0,FALSE,TRUE
"2300",6,1,0,3,4,0,0,0,0,0,0,0,1,0,0,0,0,0,1,0,1,0,FALSE,TRUE
"2301",4,0,0,4,2,0,0,0,0,0,0,0,1,0,1,1,0,0,0,1,0,0,FALSE,FALSE
"2302",7,0,0,4,4,0,1,0,0,0,0,0,1,0,1,0,0,0,1,1,0,0,FALSE,TRUE
"2303",7,2,2,3,3,0,0,0,0,0,0,0,1,0,0,0,1,0,1,0,1,0,FALSE,TRUE
"2304",4,0,0,6,5,0,0,0,0,0,0,0,1,0,1,0,0,0,1,0,1,0,FALSE,TRUE
"2305",3,0,0,3,5,0,0,1,0,0,0,0,1,1,0,0,0,1,0,1,0,0,FALSE,TRUE
"2306",2,0,1,17,0,0,0,1,0,0,0,0,0,0,0,0,0,0,0,0,0,1,FALSE,TRUE
"2307",4,0,0,42,2,0,0,1,0,0,0,0,1,0,0,0,0,0,0,0,0,1,FALSE,TRUE
"2308",2,2,3,45,0,0,0,0,0,0,0,0,0,0,0,0,0,0,0,0,0,0,FALSE,TRUE
"2309",5,0,0,8,4,0,0,1,0,0,0,0,1,0,1,0,0,1,0,1,0,0,FALSE,TRUE
"2310",3,4,7,47,3,1,0,1,0,0,0,0,1,0,0,0,0,0,0,1,0,0,FALSE,TRUE
"2311",1,0,0,4,0,0,0,0,0,0,0,0,0,0,0,0,0,0,0,0,0,0,FALSE,FALSE
"2312",2,0,0,2,2,0,1,0,0,0,0,0,0,0,1,0,0,1,0,1,0,0,FALSE,TRUE
"2313",3,0,0,14,2,0,0,1,0,0,0,0,1,0,0,0,0,0,0,0,0,1,FALSE,TRUE
"2314",1,0,0,1,0,0,0,1,0,0,0,0,0,0,0,0,0,0,0,0,0,0,FALSE,TRUE
"2315",1,0,0,4,0,0,0,1,0,0,0,0,0,0,0,0,0,0,0,0,0,1,FALSE,TRUE
"2316",2,1,0,35,2,0,1,0,1,0,0,1,1,0,1,0,1,0,0,0,0,1,FALSE,TRUE
"2317",2,1,3,64,3,0,1,1,0,0,0,0,0,0,1,0,1,0,0,0,0,1,FALSE,TRUE
"2318",1,0,0,4,1,0,0,0,0,0,0,0,0,0,0,0,0,1,0,0,0,1,FALSE,TRUE
"2319",1,0,0,3,2,0,1,0,0,0,0,0,0,0,0,0,0,0,0,1,0,0,FALSE,TRUE
"2320",1,0,7,79,0,0,0,1,0,0,0,0,0,0,0,0,0,0,0,0,0,1,FALSE,TRUE
"2321",1,0,1,11,1,0,0,0,0,0,0,0,0,0,0,1,0,0,0,0,0,1,FALSE,TRUE
"2322",1,0,0,3,0,0,0,0,0,0,0,0,0,0,0,0,0,0,0,0,0,0,FALSE,TRUE
"2323",1,0,0,4,4,0,1,0,1,0,1,0,0,0,1,1,0,0,1,1,0,0,FALSE,FALSE
"2324",7,6,70,170,4,1,0,0,1,0,0,1,1,0,1,1,0,1,0,1,0,1,FALSE,TRUE
"2325",2,0,9,86,2,0,0,1,0,0,0,0,0,0,0,0,0,0,0,0,0,0,FALSE,TRUE
"2326",5,0,1,6,0,0,0,1,1,0,0,0,1,0,0,0,0,1,0,1,0,1,FALSE,TRUE
"2327",6,0,0,1,0,0,0,0,0,0,0,0,0,1,0,0,0,1,0,1,0,1,FALSE,FALSE
"2328",2,0,1,11,1,0,0,0,0,0,0,0,0,0,0,0,0,1,0,0,0,0,FALSE,TRUE
"2329",1,0,0,32,0,0,0,0,0,0,0,0,0,0,0,0,0,1,0,0,0,0,FALSE,TRUE
"2330",1,0,0,1,0,0,0,0,0,0,0,0,0,0,0,0,0,0,0,0,0,0,FALSE,TRUE
"2331",4,0,0,19,1,0,0,0,0,0,0,0,0,0,1,1,0,0,0,0,0,0,FALSE,TRUE
"2332",2,0,0,4,0,0,0,1,0,0,0,0,0,0,0,0,0,1,0,0,0,0,FALSE,TRUE
"2333",1,0,0,2,0,0,0,0,0,0,0,0,0,0,0,0,0,0,0,0,0,0,FALSE,FALSE
"2334",4,4,84,264,2,1,0,1,1,0,0,0,0,0,0,0,0,0,0,1,1,1,FALSE,TRUE
"2335",6,0,0,9,0,0,0,0,0,0,0,0,0,1,0,0,0,1,0,0,0,0,FALSE,TRUE
"2336",5,0,2,11,7,1,0,0,1,1,0,0,0,0,0,0,0,0,0,1,0,0,TRUE,FALSE
"2337",3,0,3,21,1,0,0,1,1,1,0,0,0,0,0,1,0,0,0,1,0,0,TRUE,TRUE
"2338",4,1,10,24,6,0,1,0,0,0,0,0,1,1,1,0,0,1,0,0,0,1,TRUE,TRUE
"2339",2,0,0,72,2,0,0,0,1,0,0,1,0,0,0,0,0,0,1,0,1,0,TRUE,TRUE
"2340",2,0,0,5,2,0,1,1,0,0,0,1,0,0,0,1,0,0,0,0,0,0,TRUE,TRUE
"2341",2,0,0,13,2,0,0,0,0,0,0,0,1,0,0,1,0,0,0,1,0,0,TRUE,TRUE
"2342",2,0,0,6,0,0,0,0,1,1,0,0,1,0,0,1,0,0,0,1,0,0,TRUE,TRUE
"2343",2,0,0,2,1,0,1,0,0,0,0,0,0,0,1,1,0,0,0,0,0,0,TRUE,TRUE
"2344",2,0,4,0,1,1,0,0,0,0,0,1,0,0,0,0,0,0,1,0,0,0,TRUE,TRUE
"2345",4,0,0,8,3,0,0,1,0,1,0,0,1,0,1,0,0,0,0,0,0,0,TRUE,TRUE
"2346",2,1,0,36,1,0,0,0,0,0,0,0,1,0,0,0,0,0,0,0,0,0,FALSE,FALSE
"2347",2,0,2,12,1,0,0,1,0,0,0,0,1,0,0,0,0,0,0,0,0,0,FALSE,TRUE
"2348",3,2,6,19,4,0,0,0,1,0,0,0,0,0,0,0,0,0,1,0,0,0,FALSE,TRUE
"2349",4,1,0,4,3,0,0,0,0,0,0,0,1,0,0,0,0,0,0,1,1,0,FALSE,TRUE
"2350",1,0,0,4,0,0,0,0,0,0,0,0,0,0,0,0,0,0,0,0,0,1,FALSE,TRUE
"2351",1,0,0,3,0,0,0,0,0,0,0,0,0,0,0,0,0,0,0,0,0,1,FALSE,TRUE
"2352",5,1,5,24,4,0,0,0,0,0,0,0,1,0,0,0,0,0,0,1,1,0,FALSE,TRUE
"2353",1,0,0,4,0,0,0,0,0,0,0,0,0,0,0,0,0,0,0,0,0,0,FALSE,TRUE
"2354",1,0,0,13,0,0,0,0,0,0,0,0,0,0,0,0,0,0,0,0,0,0,FALSE,TRUE
"2355",1,0,0,17,0,0,0,0,0,0,0,0,0,0,0,0,0,0,0,0,0,0,FALSE,TRUE
"2356",2,0,6,1,2,1,0,1,1,0,0,1,1,1,0,0,0,1,0,0,0,1,FALSE,FALSE
"2357",5,3,13,15,5,0,0,1,0,0,0,1,0,1,1,0,0,0,1,0,0,1,FALSE,TRUE
"2358",2,0,3,7,2,0,0,0,0,0,0,0,0,1,0,0,0,0,1,1,0,0,FALSE,TRUE
"2359",3,0,6,14,4,0,0,0,0,0,0,1,0,0,1,1,0,0,1,1,0,0,FALSE,FALSE
"2360",2,0,34,2,2,0,0,1,0,0,0,1,0,0,0,0,0,0,0,0,0,1,FALSE,TRUE
"2361",3,0,3,33,5,0,0,1,0,0,0,1,1,0,0,0,0,0,0,1,0,0,FALSE,TRUE
"2362",5,2,41,10,3,0,0,1,0,0,0,1,0,0,0,0,0,0,1,1,0,1,FALSE,TRUE
"2363",2,0,0,1,1,0,0,1,0,0,0,0,0,0,1,0,0,0,1,0,0,0,FALSE,TRUE
"2364",2,0,2,8,3,0,0,0,0,0,0,0,0,0,1,1,0,0,0,1,0,0,FALSE,TRUE
"2365",2,0,4,13,1,0,0,0,0,0,0,1,1,0,0,1,0,0,0,0,0,1,FALSE,TRUE
"2366",3,0,2,5,4,0,1,0,1,1,0,0,1,0,0,0,0,0,1,0,0,1,FALSE,FALSE
"2367",3,0,0,16,2,0,0,0,0,0,0,1,1,0,0,0,0,0,0,1,0,0,FALSE,TRUE
"2368",2,0,1,13,0,0,0,0,0,0,0,0,0,0,0,0,1,0,0,0,0,0,FALSE,TRUE
"2369",2,2,2,2,0,0,0,0,0,0,0,0,0,0,0,0,0,1,0,0,0,0,FALSE,FALSE
"2370",2,2,25,23,0,0,0,0,0,0,0,0,0,0,0,0,0,1,0,0,0,0,FALSE,TRUE
"2371",2,2,2,18,0,0,0,0,0,0,0,0,0,0,0,0,0,1,0,0,0,0,FALSE,TRUE
"2372",2,1,5,16,0,0,0,0,0,0,0,0,0,0,0,0,0,1,0,0,0,0,FALSE,TRUE
"2373",2,0,0,4,0,0,0,0,0,0,0,0,0,0,0,0,0,0,0,0,0,0,FALSE,FALSE
"2374",2,0,5,11,0,0,0,0,0,0,0,0,0,0,0,0,0,1,0,0,0,0,FALSE,FALSE
"2375",2,0,0,1,0,0,0,0,0,0,0,0,1,0,0,0,0,0,1,0,1,0,FALSE,TRUE
"2376",2,0,1,14,0,0,0,0,0,0,0,0,0,1,0,0,0,0,0,1,0,0,FALSE,FALSE
"2377",2,0,8,14,1,0,0,0,0,0,0,0,0,0,0,0,0,0,0,0,0,1,FALSE,TRUE
"2378",2,0,9,15,1,0,0,0,0,0,0,0,0,0,0,0,0,1,0,1,0,0,FALSE,TRUE
"2379",2,0,2,16,1,0,0,0,0,0,0,0,0,0,0,0,0,1,0,0,0,1,FALSE,TRUE
"2380",1,0,0,5,1,0,0,0,0,0,0,0,0,0,0,0,0,0,1,1,0,0,FALSE,TRUE
"2381",2,0,1,2,0,0,0,0,0,0,0,0,0,0,0,0,0,0,0,0,0,1,FALSE,TRUE
"2382",2,3,12,47,1,1,0,1,0,0,0,0,0,0,0,0,0,1,0,1,0,1,FALSE,TRUE
"2383",1,0,0,1,1,0,0,0,0,0,0,0,0,0,0,0,0,0,0,0,0,0,FALSE,FALSE
"2384",1,0,0,1,1,0,0,0,0,0,0,0,0,0,0,0,0,0,0,0,0,0,FALSE,FALSE
"2385",1,0,0,9,1,0,0,0,0,0,0,0,0,0,0,0,0,0,0,0,0,1,FALSE,TRUE
"2386",3,1,0,15,0,0,0,1,1,0,0,0,0,0,0,0,0,0,0,0,0,0,FALSE,TRUE
"2387",4,0,1,15,4,0,0,1,1,0,0,0,0,0,0,0,0,0,0,0,0,0,FALSE,FALSE
"2388",2,0,0,12,3,0,0,1,0,0,0,0,1,1,0,0,0,0,0,0,0,0,FALSE,FALSE
"2389",3,0,3,18,2,0,0,0,0,0,0,0,1,1,0,0,0,0,0,0,0,0,FALSE,TRUE
"2390",2,0,0,6,1,0,0,1,0,0,0,0,0,0,0,0,0,0,0,0,0,0,FALSE,FALSE
"2391",7,0,3,9,8,1,0,1,1,0,0,0,1,1,0,0,0,0,0,0,0,0,FALSE,TRUE
"2392",2,1,0,0,0,0,0,1,0,0,0,0,0,0,0,0,0,0,0,0,0,0,FALSE,TRUE
"2393",4,1,0,7,2,1,0,1,1,0,0,0,0,0,0,0,0,0,0,0,0,0,FALSE,FALSE
"2394",5,5,12,9,4,0,0,1,1,0,0,0,1,1,0,0,0,0,0,0,0,0,FALSE,TRUE
"2395",2,0,1,6,0,0,0,1,0,0,0,0,0,0,0,0,0,0,0,0,0,0,FALSE,FALSE
"2396",3,0,0,15,0,1,1,1,1,0,0,0,0,0,0,0,0,0,0,0,0,0,FALSE,TRUE
"2397",6,3,10,77,6,1,1,1,0,0,0,0,0,1,1,0,0,0,0,0,1,0,FALSE,FALSE
"2398",3,1,22,50,11,1,1,1,1,1,1,1,1,1,1,1,0,0,0,1,0,0,FALSE,TRUE
"2399",2,0,2,24,3,1,1,0,0,0,0,0,1,1,1,0,0,0,0,0,0,0,FALSE,TRUE
"2400",4,0,0,44,4,0,1,0,0,0,1,0,1,0,1,1,0,0,0,1,0,0,FALSE,FALSE
"2401",4,3,21,179,6,1,1,1,0,0,1,0,1,1,1,1,0,0,0,1,0,0,FALSE,TRUE
"2402",1,0,3,18,0,0,0,0,0,0,0,0,0,0,0,0,0,1,0,0,0,0,FALSE,TRUE
"2403",2,0,1,5,5,1,0,1,0,0,0,0,1,0,0,0,0,0,0,0,0,0,FALSE,FALSE
"2404",2,0,4,16,3,0,1,0,0,0,0,0,1,0,0,0,1,0,0,0,0,0,FALSE,FALSE
"2405",1,1,11,25,0,0,0,0,0,0,0,0,0,0,0,0,0,1,0,1,0,0,FALSE,FALSE
"2406",6,1,7,68,2,1,0,0,1,0,0,0,0,0,0,1,0,0,0,0,0,0,TRUE,TRUE
"2407",5,1,4,13,1,1,0,1,0,0,0,0,0,0,0,0,0,1,0,1,0,1,TRUE,FALSE
"2408",4,0,3,4,1,1,1,0,1,0,0,0,0,0,0,0,0,1,0,1,0,1,TRUE,TRUE
"2409",3,0,3,8,0,0,0,1,1,0,0,0,0,0,0,1,0,0,0,1,0,1,TRUE,TRUE
"2410",5,0,3,11,0,1,0,1,0,0,0,0,0,0,0,0,0,1,0,1,0,1,TRUE,FALSE
"2411",6,42,0,0,1,1,0,1,1,0,0,0,0,0,0,0,0,0,0,0,0,0,TRUE,FALSE
"2412",3,0,1,12,0,1,1,1,1,0,0,0,0,0,0,0,0,1,0,1,0,1,TRUE,TRUE
"2413",6,0,0,6,2,0,0,0,1,0,0,0,0,0,0,1,0,0,0,0,0,0,TRUE,FALSE
"2414",6,1,0,7,2,0,1,0,1,0,0,0,0,0,0,1,1,0,0,0,0,0,TRUE,TRUE
"2415",6,3,2,65,4,0,0,0,1,0,0,0,1,1,1,1,1,0,0,0,1,0,TRUE,TRUE
"2416",7,0,0,10,1,1,0,1,0,0,0,0,0,0,0,0,0,1,0,1,0,1,FALSE,TRUE
"2417",5,0,0,4,0,0,0,0,0,0,0,0,0,0,0,0,0,0,0,0,0,0,FALSE,TRUE
"2418",4,0,0,6,1,0,0,0,0,0,0,0,0,0,0,0,0,1,0,0,0,0,FALSE,TRUE
"2419",6,0,5,8,0,0,0,0,0,0,0,0,0,0,1,0,0,1,0,0,0,0,FALSE,TRUE
"2420",3,0,1,4,0,0,0,0,0,0,0,0,0,0,0,0,0,1,1,1,0,1,FALSE,FALSE
"2421",4,0,1,1,0,0,0,0,0,0,0,0,0,0,0,0,0,0,0,0,0,0,FALSE,TRUE
"2422",7,0,3,3,2,0,0,1,0,0,0,1,0,0,1,0,0,1,1,1,0,1,FALSE,TRUE
"2423",3,0,0,6,1,0,0,0,0,0,0,0,0,0,0,0,0,0,1,0,0,0,FALSE,TRUE
"2424",5,0,5,18,2,1,0,1,0,0,0,0,0,0,0,0,0,1,0,1,0,1,FALSE,TRUE
"2425",4,0,0,1,0,0,0,0,0,0,0,0,0,0,0,0,0,1,0,1,0,1,FALSE,TRUE
"2426",2,0,1,1,1,0,0,0,0,0,0,0,0,0,0,0,0,0,0,0,0,0,FALSE,TRUE
"2427",5,0,1,1,0,1,0,0,0,0,0,0,0,0,0,0,0,0,0,0,0,0,FALSE,TRUE
"2428",3,0,0,19,0,0,0,0,0,0,0,0,0,1,0,0,0,0,0,0,0,1,FALSE,FALSE
"2429",2,0,9,10,1,0,0,0,0,0,0,0,0,0,0,0,0,1,0,1,0,0,FALSE,FALSE
"2430",2,0,0,6,0,0,0,0,0,0,0,0,1,0,0,1,0,0,0,1,0,0,FALSE,TRUE
"2431",3,0,0,8,0,1,0,0,0,0,0,0,0,0,0,0,0,0,0,0,0,0,FALSE,TRUE
"2432",2,0,0,4,1,0,0,0,0,0,0,0,0,0,0,0,0,0,0,1,0,0,FALSE,FALSE
"2433",6,0,5,10,4,0,0,0,0,0,0,0,0,0,0,0,0,0,0,0,1,0,FALSE,TRUE
"2434",3,0,0,2,2,0,0,0,0,0,0,0,1,0,0,0,0,0,0,0,0,0,FALSE,TRUE
"2435",6,0,4,4,2,0,0,0,0,0,0,0,0,0,0,0,0,0,0,1,0,0,FALSE,FALSE
"2436",4,0,7,74,3,0,1,1,0,0,1,0,0,0,1,1,0,0,0,0,0,0,FALSE,TRUE
"2437",4,0,2,34,4,1,0,1,0,0,0,0,0,1,0,0,0,0,0,0,0,0,FALSE,TRUE
"2438",6,0,23,47,4,1,0,1,0,0,0,0,1,1,0,0,0,0,0,0,0,0,FALSE,TRUE
"2439",4,0,0,3,2,0,0,0,0,0,0,0,0,0,0,0,0,0,0,0,0,0,FALSE,FALSE
"2440",7,4,2,1,7,1,1,1,0,0,0,1,1,1,0,0,0,0,0,0,1,0,FALSE,TRUE
"2441",3,0,19,55,2,1,1,1,0,0,0,0,0,0,0,0,0,0,0,0,0,0,FALSE,TRUE
"2442",3,0,0,2,1,1,1,0,0,0,0,0,0,0,0,0,0,0,0,0,0,0,FALSE,TRUE
"2443",3,0,6,43,0,0,0,0,0,0,0,0,0,0,0,0,0,0,0,0,0,0,FALSE,TRUE
"2444",6,0,1,30,5,1,0,1,0,0,0,0,0,0,0,0,0,0,0,0,0,0,FALSE,TRUE
"2445",7,0,0,12,5,1,1,1,0,0,0,0,1,1,0,0,1,0,0,0,1,0,FALSE,FALSE
"2446",5,0,1,26,5,1,0,1,0,0,0,0,1,0,0,0,0,0,0,0,0,0,FALSE,TRUE
"2447",7,1,2,27,6,1,1,1,1,0,0,0,1,0,0,0,0,0,0,0,0,0,FALSE,FALSE
"2448",1,0,0,7,0,0,0,0,0,0,0,0,0,0,0,0,0,0,0,0,0,0,FALSE,TRUE
"2449",1,0,0,9,0,0,0,0,0,0,0,0,0,0,0,0,0,0,0,0,0,0,FALSE,TRUE
"2450",1,0,5,8,0,0,0,0,0,0,0,0,0,0,0,0,0,0,0,0,0,0,FALSE,TRUE
"2451",1,0,0,6,0,0,0,0,0,0,0,0,0,0,0,0,0,0,0,0,0,0,FALSE,TRUE
"2452",5,0,1,4,5,1,0,1,0,0,0,0,0,0,0,0,0,0,0,0,0,0,FALSE,TRUE
"2453",1,0,2,10,0,0,0,0,0,0,0,0,0,0,0,0,0,0,0,0,0,0,FALSE,TRUE
"2454",1,0,0,12,0,0,0,0,0,0,0,0,0,0,0,0,0,0,0,0,0,0,FALSE,TRUE
"2455",1,0,0,2,0,0,0,0,0,0,0,0,0,0,0,0,0,0,0,0,0,0,FALSE,FALSE
"2456",3,0,11,2,1,0,0,0,0,0,0,0,0,0,1,0,0,1,0,0,0,0,FALSE,FALSE
"2457",4,0,2,30,0,0,0,1,1,0,0,0,0,0,0,0,1,0,0,1,0,1,FALSE,TRUE
"2458",6,0,23,2,2,0,0,1,1,0,0,0,0,0,1,1,0,1,0,1,0,1,FALSE,FALSE
"2459",3,0,0,2,3,0,0,0,1,0,0,0,0,0,0,0,0,1,0,1,0,1,FALSE,TRUE
"2460",2,0,0,4,2,0,0,1,0,0,0,0,0,0,0,0,0,0,0,0,0,0,FALSE,TRUE
"2461",3,0,0,15,2,0,0,1,1,0,0,0,0,0,0,0,0,1,1,1,0,1,FALSE,FALSE
"2462",2,0,0,20,2,0,0,1,1,0,0,0,0,0,0,0,0,1,0,1,0,1,FALSE,TRUE
"2463",3,0,1,13,2,0,0,1,1,0,0,0,0,0,0,0,0,1,0,1,0,1,FALSE,TRUE
"2464",2,0,0,3,4,0,0,0,0,0,0,0,0,0,0,0,0,1,0,0,0,0,FALSE,TRUE
"2465",2,0,0,12,4,0,0,0,1,0,0,0,0,0,0,1,0,1,0,1,0,1,FALSE,FALSE
"2466",4,0,3,1,6,1,0,1,1,0,0,0,0,1,1,0,1,1,0,1,0,1,TRUE,TRUE
"2467",1,0,1,0,0,0,0,0,0,0,0,1,0,1,0,0,0,0,0,0,0,0,TRUE,TRUE
"2468",1,0,0,1,0,0,0,0,0,0,0,0,0,0,0,0,0,0,0,0,0,0,TRUE,FALSE
"2469",1,0,2,7,0,0,0,0,0,0,0,0,0,0,0,0,0,0,0,0,0,0,TRUE,FALSE
"2470",1,0,0,5,0,0,0,0,0,0,0,0,0,0,0,0,0,0,0,0,0,0,TRUE,TRUE
"2471",1,0,0,12,0,1,0,0,0,0,0,0,0,0,0,0,0,0,0,0,0,0,TRUE,FALSE
"2472",1,0,0,1,0,0,0,0,0,0,0,0,0,1,0,0,0,0,0,1,0,0,TRUE,TRUE
"2473",1,0,0,1,0,0,0,0,0,0,0,0,0,0,0,0,0,1,0,1,0,0,TRUE,FALSE
"2474",1,0,0,3,0,1,0,0,0,0,0,0,0,0,0,0,0,0,0,0,0,0,TRUE,FALSE
"2475",7,2,0,23,4,1,0,1,0,0,0,0,1,1,0,0,1,0,0,0,0,0,TRUE,FALSE
"2476",2,0,0,18,4,1,0,0,0,0,0,1,0,0,0,0,0,0,0,0,0,1,FALSE,TRUE
"2477",2,0,0,15,3,1,0,1,0,0,0,1,0,0,0,0,0,0,0,0,0,1,FALSE,TRUE
"2478",2,4,6,2,1,0,0,1,0,0,0,1,0,0,0,0,0,0,0,1,0,0,FALSE,FALSE
"2479",2,0,3,15,1,1,0,1,0,0,0,1,0,0,0,0,0,0,0,0,0,1,FALSE,FALSE
"2480",7,3,13,21,4,1,0,1,0,0,0,1,1,0,0,0,0,0,0,1,1,1,FALSE,TRUE
"2481",2,0,0,7,1,1,0,1,0,0,0,1,0,0,0,0,0,0,0,0,0,1,FALSE,FALSE
"2482",3,1,7,72,3,1,0,1,0,0,0,1,0,0,0,0,0,0,0,0,0,1,FALSE,TRUE
"2483",2,0,1,5,2,1,0,1,0,0,0,1,0,0,0,0,0,0,0,0,0,1,FALSE,TRUE
"2484",1,1,0,0,0,0,0,0,0,0,0,0,0,0,0,0,0,0,0,0,0,0,FALSE,TRUE
"2485",2,0,3,26,2,1,0,1,0,0,0,1,0,0,0,0,0,0,0,0,0,1,FALSE,TRUE
"2486",5,0,0,5,0,0,0,0,0,0,0,0,0,0,0,0,1,0,0,0,0,0,FALSE,TRUE
"2487",4,0,0,6,0,0,0,0,0,0,0,0,0,0,0,0,0,0,0,1,0,0,FALSE,FALSE
"2488",4,0,0,25,0,0,0,0,0,0,0,0,0,0,0,0,0,0,0,0,0,0,FALSE,TRUE
"2489",6,1,0,0,0,0,0,0,0,0,0,0,0,0,0,0,1,0,0,0,0,0,FALSE,FALSE
"2490",4,0,1,12,0,0,0,0,0,0,0,0,0,0,0,0,0,0,0,0,0,0,FALSE,TRUE
"2491",3,0,5,35,0,0,0,0,0,0,0,0,0,0,0,0,0,0,0,1,0,0,FALSE,TRUE
"2492",4,0,0,1,0,0,0,0,0,0,0,0,0,0,0,0,0,0,0,0,0,0,FALSE,FALSE
"2493",4,0,0,11,0,0,0,0,0,0,0,0,0,0,0,0,0,0,0,0,0,0,FALSE,FALSE
"2494",4,0,1,13,0,0,0,0,0,0,0,0,0,0,0,0,0,0,0,0,0,0,FALSE,FALSE
"2495",4,0,0,3,0,0,0,0,0,0,0,0,0,0,0,0,0,1,0,0,0,0,FALSE,TRUE
"2496",2,0,0,17,4,0,0,1,0,0,0,1,0,0,0,0,0,1,0,1,0,1,FALSE,TRUE
"2497",1,0,0,2,1,1,0,1,0,0,0,0,0,0,1,0,0,1,0,1,0,1,FALSE,FALSE
"2498",1,4,44,43,6,0,0,1,0,0,0,1,1,1,0,0,0,0,1,0,0,0,FALSE,TRUE
"2499",1,0,0,6,0,0,0,1,0,0,0,0,0,0,0,0,0,1,0,1,0,1,FALSE,TRUE
"2500",2,3,17,16,3,0,0,1,0,0,0,1,1,0,0,0,0,1,0,1,0,1,FALSE,TRUE
"2501",1,0,0,2,0,0,0,0,0,0,0,0,0,0,0,0,0,0,0,1,0,0,FALSE,FALSE
"2502",1,0,0,4,2,0,0,1,0,0,0,1,0,0,0,0,0,1,0,1,0,1,FALSE,FALSE
"2503",1,0,6,115,0,0,0,0,0,0,0,0,0,0,0,0,0,1,0,1,0,1,FALSE,TRUE
"2504",1,0,0,1,0,0,0,0,0,0,0,0,0,0,0,0,0,1,0,1,0,1,FALSE,TRUE
"2505",1,0,0,7,0,0,0,0,0,0,0,0,0,0,0,0,0,1,0,1,0,1,FALSE,FALSE
"2506",4,1,4,15,0,0,1,1,0,0,0,0,0,0,0,0,0,0,0,0,0,0,FALSE,TRUE
"2507",5,1,5,27,2,0,1,1,0,0,0,0,0,1,1,1,0,0,0,1,0,0,FALSE,FALSE
"2508",4,0,0,9,0,0,0,1,0,0,0,0,0,0,0,0,0,0,0,1,0,0,FALSE,TRUE
"2509",3,0,0,6,2,0,0,0,0,0,0,0,0,0,0,0,0,1,0,1,0,0,FALSE,TRUE
"2510",4,3,3,3,0,0,0,0,0,0,0,0,1,0,0,0,0,1,0,1,0,0,FALSE,FALSE
"2511",3,0,0,2,1,0,1,0,0,0,0,0,0,0,0,0,0,1,0,1,0,0,FALSE,TRUE
"2512",2,0,0,11,0,0,0,1,0,0,0,0,1,0,0,0,0,0,0,0,0,0,FALSE,TRUE
"2513",3,0,0,4,0,0,0,1,0,0,0,0,0,0,0,0,0,0,0,0,0,0,FALSE,FALSE
"2514",3,0,0,22,0,0,0,1,0,0,0,0,0,0,0,0,0,0,0,0,0,0,FALSE,FALSE
"2515",4,2,4,30,3,0,0,1,0,0,0,0,1,0,0,0,0,0,0,0,0,0,FALSE,TRUE
"2516",6,0,2,9,2,1,1,1,0,0,0,1,0,0,0,0,1,0,0,1,0,0,FALSE,TRUE
"2517",3,0,0,23,1,1,0,0,0,0,0,1,0,0,0,0,1,0,0,0,0,0,FALSE,TRUE
"2518",3,0,1,23,2,1,1,0,0,0,0,1,0,0,0,0,1,0,0,0,0,0,FALSE,TRUE
"2519",7,2,0,8,9,0,1,0,0,0,0,1,1,1,0,0,0,1,0,1,0,1,FALSE,TRUE
"2520",1,0,0,8,0,1,0,0,0,0,0,0,0,0,0,0,1,0,0,0,0,0,FALSE,TRUE
"2521",1,0,0,19,0,1,0,0,0,0,0,0,0,0,0,0,1,0,0,0,0,0,FALSE,TRUE
"2522",1,0,0,6,0,1,1,0,0,0,0,1,0,0,0,0,1,0,0,0,0,0,FALSE,FALSE
"2523",1,0,0,1,0,0,1,0,0,0,0,1,0,0,0,0,1,0,0,0,0,0,FALSE,TRUE
"2524",1,0,0,1,1,1,0,0,0,0,0,0,0,0,0,0,1,0,0,0,0,0,FALSE,FALSE
"2525",1,1,1,4,1,0,1,0,0,0,0,1,0,0,0,0,1,0,0,0,0,0,FALSE,TRUE
